mysql_table,dolphindb_table,row_count,column_count,incremental_col,partition_col,hash_partition_col,writer_strategy,key_columns
AIndexDescription,aindexdescription,,27,UpdateTime,updateTime,,window_overwrite,id
AIndexEODPrices,aindexeodprices,,20,UpdateTime,updateTime,,window_overwrite,id
AShareAuditOpinion,ashareauditopinion,,21,UpdateTime,updateTime,,window_overwrite,id
AShareBalanceSheet,asharebalancesheet,,186,UpdateTime,updateTime,,window_overwrite,id
AShareCashFlow,asharecashflow,,130,UpdateTime,updateTime,,window_overwrite,id
AShareConseption,ashareconseption,,14,UpdateTime,updateTime,,window_overwrite,id
AShareDescription,asharedescription,,23,UpdateTime,updateTime,,window_overwrite,id
AShareDividend,asharedividend,,37,UpdateTime,updateTime,,window_overwrite,id
AShareEODDerivativeIndicator,ashareeodderivativeindicator,,45,UpdateTime,updateTime,,window_overwrite,id
AShareEODPrices,ashareeodprices,,31,UpdateTime,updateTime,,window_overwrite,id
AShareEarningEst,ashareearningest,,52,UpdateTime,updateTime,,window_overwrite,id
AShareFinancialExpense,asharefinancialexpense,,19,UpdateTime,updateTime,,window_overwrite,id
AShareFinancialIndicator,asharefinancialindicator,,177,UpdateTime,updateTime,,window_overwrite,id
AShareIBrokerIndicator,ashareibrokerindicator,,44,UpdateTime,updateTime,,window_overwrite,id
AShareIPO,ashareipo,,113,UpdateTime,updateTime,,window_overwrite,id
AShareISActivity,ashareisactivity,,15,UpdateTime,updateTime,,window_overwrite,id
AShareIncome,ashareincome,,118,UpdateTime,updateTime,,window_overwrite,id
AShareMajorEvent,asharemajorevent,,16,UpdateTime,updateTime,,window_overwrite,id
AShareManagement,asharemanagement,,22,UpdateTime,updateTime,,window_overwrite,id
AShareMoneyFlow,asharemoneyflow,,104,UpdateTime,updateTime,,window_overwrite,id
AShareOperationEvent,ashareoperationevent,,14,UpdateTime,updateTime,,window_overwrite,id
AShareProfitExpress,ashareprofitexpress,,41,UpdateTime,updateTime,,window_overwrite,id
AShareProfitNotice,ashareprofitnotice,,30,UpdateTime,updateTime,,window_overwrite,id
AShareRightIssue,asharerightissue,,58,UpdateTime,updateTime,,window_overwrite,id
AShareSEO,ashareseo,,85,UpdateTime,updateTime,,window_overwrite,id
AShareST,asharest,,14,UpdateTime,updateTime,,window_overwrite,id
AShareStockRatingConsus,asharestockratingconsus,,22,UpdateTime,updateTime,,window_overwrite,id
AShareTTMHis,asharettmhis,,89,UpdateTime,updateTime,,window_overwrite,id
AShareTradingSuspension,asharetradingsuspension,,14,UpdateTime,updateTime,,window_overwrite,id
Asharenonprofitloss,asharenonprofitloss,,40,UpdateTime,updateTime,,window_overwrite,id
Bond_ABSBasicInfo,bond_absbasicinfo,,63,sjqy_update_time,sjqyUpdateTime,innerCode,window_overwrite,id
Bond_ABSFCashFlow,bond_absfcashflow,,16,sjqy_update_time,sjqyUpdateTime,innerCode,window_overwrite,id
Bond_ABSRiskS,bond_absrisks,,33,sjqy_update_time,sjqyUpdateTime,innerCode,window_overwrite,id
Bond_ABSTermAnalyse,bond_abstermanalyse,,15,sjqy_update_time,sjqyUpdateTime,innerCode,window_overwrite,id
Bond_ABSTradingQuote,bond_abstradingquote,,10,sjqy_update_time,sjqyUpdateTime,innerCode,window_overwrite,id
Bond_ABSTransStructure,bond_abstransstructure,,16,sjqy_update_time,sjqyUpdateTime,innerCode,window_overwrite,id
Bond_ABSWaterfall,bond_abswaterfall,,22,sjqy_update_time,sjqyUpdateTime,innerCode,window_overwrite,id
Bond_AcceptSusDefault,bond_acceptsusdefault,,12,sjqy_update_time,sjqyUpdateTime,,window_overwrite,id
Bond_AcceptUndisclose,bond_acceptundisclose,,12,sjqy_update_time,sjqyUpdateTime,,window_overwrite,id
Bond_AcceptorDefault,bond_acceptordefault,,11,sjqy_update_time,sjqyUpdateTime,,window_overwrite,id
Bond_AccruedInterest,bond_accruedinterest,,12,sjqy_update_time,sjqyUpdateTime,innerCode,window_overwrite,id
Bond_ActiveBond,bond_activebond,,20,sjqy_update_time,sjqyUpdateTime,secuCode,window_overwrite,id
Bond_ActiveBondQuote,bond_activebondquote,,18,sjqy_update_time,sjqyUpdateTime,secuCode,window_overwrite,id
Bond_AdvancedDeriv,bond_advancedderiv,,32,sjqy_update_time,sjqyUpdateTime,innerCode,window_overwrite,id
Bond_AnnClassifi,bond_annclassifi,,10,sjqy_update_time,sjqyUpdateTime,,window_overwrite,id
Bond_AreaImportance,bond_areaimportance,,33,sjqy_update_time,sjqyUpdateTime,,window_overwrite,id
Bond_AsPoCashInflow,bond_aspocashinflow,,22,sjqy_update_time,sjqyUpdateTime,innerCode,window_overwrite,id
Bond_AsPoInfo,bond_aspoinfo,,16,sjqy_update_time,sjqyUpdateTime,innerCode,window_overwrite,id
Bond_AsPoRatingInfo,bond_asporatinginfo,,20,sjqy_update_time,sjqyUpdateTime,innerCode,window_overwrite,id
Bond_BADepositI,bond_badepositi,,40,sjqy_update_time,sjqyUpdateTime,innerCode,window_overwrite,id
Bond_BADepositT,bond_badepositt,,12,sjqy_update_time,sjqyUpdateTime,innerCode,window_overwrite,id
Bond_BADiscountRate,bond_badiscountrate,,13,sjqy_update_time,sjqyUpdateTime,,window_overwrite,id
Bond_BDCreditGrading,bond_bdcreditgrading,,27,sjqy_update_time,sjqyUpdateTime,,window_overwrite,id
Bond_BIIndustry,bond_biindustry,,21,sjqy_update_time,sjqyUpdateTime,,window_overwrite,id
Bond_BasicInfo,bond_basicinfo,,65,sjqy_update_time,sjqyUpdateTime,innerCode,window_overwrite,id
Bond_BasicInfoN,bond_basicinfon,,97,sjqy_update_time,sjqyUpdateTime,innerCode,window_overwrite,id
Bond_Bid,bond_bid,,51,sjqy_update_time,sjqyUpdateTime,innerCode,window_overwrite,id
Bond_BidDoc,bond_biddoc,,57,sjqy_update_time,sjqyUpdateTime,innerCode,window_overwrite,id
Bond_BidDoc_Add,bond_biddoc_add,,22,sjqy_update_time,sjqyUpdateTime,innerCode,window_overwrite,id
Bond_BillPubNotice,bond_billpubnotice,,19,sjqy_update_time,sjqyUpdateTime,,window_overwrite,id
Bond_BondIndexQuote,bond_bondindexquote,,16,sjqy_update_time,sjqyUpdateTime,innerCode,window_overwrite,id
Bond_BusinessOverview,bond_businessoverview,,48,sjqy_update_time,sjqyUpdateTime,,window_overwrite,id
Bond_CBBalance,bond_cbbalance,,12,sjqy_update_time,sjqyUpdateTime,,window_overwrite,id
Bond_CBCurrencyPT,bond_cbcurrencypt,,27,sjqy_update_time,sjqyUpdateTime,,window_overwrite,id
Bond_CBDerivNew,bond_cbderivnew,,30,sjqy_update_time,sjqyUpdateTime,innerCode,window_overwrite,id
Bond_CBDeriv_Greeks,bond_cbderiv_greeks,,24,sjqy_update_time,sjqyUpdateTime,innerCode,window_overwrite,id
Bond_CBNotesIssue,bond_cbnotesissue,,13,sjqy_update_time,sjqyUpdateTime,innerCode,window_overwrite,id
Bond_CBOMOStatW,bond_cbomostatw,,16,sjqy_update_time,sjqyUpdateTime,,window_overwrite,id
Bond_CBRepo,bond_cbrepo,,12,sjqy_update_time,sjqyUpdateTime,,window_overwrite,id
Bond_CBSpotTrading,bond_cbspottrading,,11,sjqy_update_time,sjqyUpdateTime,innerCode,window_overwrite,id
Bond_CBYCurveInfo,bond_cbycurveinfo,,19,sjqy_update_time,sjqyUpdateTime,,window_overwrite,id
Bond_CMDValuation,bond_cmdvaluation,,12,sjqy_update_time,sjqyUpdateTime,innerCode,window_overwrite,id
Bond_CMValuation,bond_cmvaluation,,18,sjqy_update_time,sjqyUpdateTime,innerCode,window_overwrite,id
Bond_COMCreditGrading,bond_comcreditgrading,,28,sjqy_update_time,sjqyUpdateTime,,window_overwrite,id
Bond_CRAsCreditRM,bond_crascreditrm,,16,sjqy_update_time,sjqyUpdateTime,,window_overwrite,id
Bond_CRMProFee,bond_crmprofee,,13,sjqy_update_time,sjqyUpdateTime,innerCode,window_overwrite,id
Bond_CSIBondIndicesQuote,bond_csibondindicesquote,,26,sjqy_update_time,sjqyUpdateTime,innerCode,window_overwrite,id
Bond_CSIComponent,bond_csicomponent,,11,sjqy_update_time,sjqyUpdateTime,innerCode,window_overwrite,id
Bond_CallPutInfo,bond_callputinfo,,51,sjqy_update_time,sjqyUpdateTime,,window_overwrite,id
Bond_CallPutInfoN,bond_callputinfon,,62,sjqy_update_time,sjqyUpdateTime,innerCode,window_overwrite,id
Bond_CashFlow,bond_cashflow,,21,sjqy_update_time,sjqyUpdateTime,innerCode,window_overwrite,id
Bond_ChangeMergeInfo,bond_changemergeinfo,,23,sjqy_update_time,sjqyUpdateTime,,window_overwrite,id
Bond_CirculationBBN,bond_circulationbbn,,12,sjqy_update_time,sjqyUpdateTime,,window_overwrite,id
Bond_Code,bond_code,,33,sjqy_update_time,sjqyUpdateTime,secuCode,window_overwrite,id
Bond_CodeRelated,bond_coderelated,,12,sjqy_update_time,sjqyUpdateTime,innerCode,window_overwrite,id
Bond_Code_SE,bond_code_se,,5,sjqy_update_time,sjqyUpdateTime,,window_overwrite,id
Bond_ConBDBasicInfo,bond_conbdbasicinfo,,82,sjqy_update_time,sjqyUpdateTime,secuCode,window_overwrite,id
Bond_ConBDCallInfo,bond_conbdcallinfo,,27,sjqy_update_time,sjqyUpdateTime,innerCode,window_overwrite,id
Bond_ConBDCallPro,bond_conbdcallpro,,35,sjqy_update_time,sjqyUpdateTime,innerCode,window_overwrite,id
Bond_ConBDCallPutInfo,bond_conbdcallputinfo,,45,sjqy_update_time,sjqyUpdateTime,innerCode,window_overwrite,id
Bond_ConBDChangeAttach,bond_conbdchangeattach,,18,sjqy_update_time,sjqyUpdateTime,,window_overwrite,id
Bond_ConBDChangeInfo,bond_conbdchangeinfo,,22,sjqy_update_time,sjqyUpdateTime,innerCode,window_overwrite,id
Bond_ConBDChangePro,bond_conbdchangepro,,30,sjqy_update_time,sjqyUpdateTime,innerCode,window_overwrite,id
Bond_ConBDConvertInfo,bond_conbdconvertinfo,,29,sjqy_update_time,sjqyUpdateTime,innerCode,window_overwrite,id
Bond_ConBDConvertPrice,bond_conbdconvertprice,,11,sjqy_update_time,sjqyUpdateTime,innerCode,window_overwrite,id
Bond_ConBDExchangeQuote,bond_conbdexchangequote,,46,sjqy_update_time,sjqyUpdateTime,innerCode,window_overwrite,id
Bond_ConBDFluctuAttach,bond_conbdfluctuattach,,20,sjqy_update_time,sjqyUpdateTime,,window_overwrite,id
Bond_ConBDFluctuation,bond_conbdfluctuation,,17,sjqy_update_time,sjqyUpdateTime,innerCode,window_overwrite,id
Bond_ConBDHolder,bond_conbdholder,,23,sjqy_update_time,sjqyUpdateTime,innerCode,window_overwrite,id
Bond_ConBDHolderStru,bond_conbdholderstru,,15,sjqy_update_time,sjqyUpdateTime,,window_overwrite,id
Bond_ConBDIssPrjAttch,bond_conbdissprjattch,,9,sjqy_update_time,sjqyUpdateTime,,window_overwrite,id
Bond_ConBDIssue,bond_conbdissue,,98,sjqy_update_time,sjqyUpdateTime,innerCode,window_overwrite,id
Bond_ConBDIssueAttach,bond_conbdissueattach,,11,sjqy_update_time,sjqyUpdateTime,,window_overwrite,id
Bond_ConBDIssueProject,bond_conbdissueproject,,34,sjqy_update_time,sjqyUpdateTime,secuCode,window_overwrite,id
Bond_ConBDIssueTerm,bond_conbdissueterm,,22,sjqy_update_time,sjqyUpdateTime,innerCode,window_overwrite,id
Bond_ConBDPortfolioD,bond_conbdportfoliod,,15,sjqy_update_time,sjqyUpdateTime,innerCode,window_overwrite,id
Bond_ConBDPriceLimit,bond_conbdpricelimit,,17,sjqy_update_time,sjqyUpdateTime,innerCode,window_overwrite,id
Bond_ConBDPutInfo,bond_conbdputinfo,,22,sjqy_update_time,sjqyUpdateTime,innerCode,window_overwrite,id
Bond_ConBDPutPro,bond_conbdputpro,,28,sjqy_update_time,sjqyUpdateTime,innerCode,window_overwrite,id
Bond_ConceptNature,bond_conceptnature,,12,sjqy_update_time,sjqyUpdateTime,innerCode,window_overwrite,id
Bond_DCMCardinalRate,bond_dcmcardinalrate,,16,sjqy_update_time,sjqyUpdateTime,,window_overwrite,id
Bond_DealerInfo,bond_dealerinfo,,20,sjqy_update_time,sjqyUpdateTime,,window_overwrite,id
Bond_Default,bond_default,,22,sjqy_update_time,sjqyUpdateTime,innerCode,window_overwrite,id
Bond_Default_SE,bond_default_se,,5,sjqy_update_time,sjqyUpdateTime,,window_overwrite,id
Bond_DepositBBN,bond_depositbbn,,12,sjqy_update_time,sjqyUpdateTime,,window_overwrite,id
Bond_Deriv,bond_deriv,,67,sjqy_update_time,sjqyUpdateTime,innerCode,window_overwrite,id
Bond_EmbeddedCashFlow,bond_embeddedcashflow,,18,sjqy_update_time,sjqyUpdateTime,innerCode,window_overwrite,id
Bond_EmbeddedDeriv,bond_embeddedderiv,,25,sjqy_update_time,sjqyUpdateTime,innerCode,window_overwrite,id
Bond_EquRelationships,bond_equrelationships,,25,sjqy_update_time,sjqyUpdateTime,,window_overwrite,id
Bond_ExchangeQuote,bond_exchangequote,,52,sjqy_update_time,sjqyUpdateTime,innerCode,window_overwrite,id
Bond_ExchangeQuoteFI,bond_exchangequotefi,,55,sjqy_update_time,sjqyUpdateTime,innerCode,window_overwrite,id
Bond_FRNRefRate,bond_frnrefrate,,10,sjqy_update_time,sjqyUpdateTime,innerCode,window_overwrite,id
Bond_FloatCashFlow,bond_floatcashflow,,16,sjqy_update_time,sjqyUpdateTime,innerCode,window_overwrite,id
Bond_GovtBDRegIssuPlan,bond_govtbdregissuplan,,19,sjqy_update_time,sjqyUpdateTime,,window_overwrite,id
Bond_GradeCuListSt,bond_gradeculistst,,16,sjqy_update_time,sjqyUpdateTime,,window_overwrite,id
Bond_Guarantor,bond_guarantor,,26,sjqy_update_time,sjqyUpdateTime,,window_overwrite,id
Bond_Guarantor_Add,bond_guarantor_add,,16,sjqy_update_time,sjqyUpdateTime,,window_overwrite,id
Bond_HoldDepositBN,bond_holddepositbn,,10,sjqy_update_time,sjqyUpdateTime,,window_overwrite,id
Bond_HolderMeetingA,bond_holdermeetinga,,25,sjqy_update_time,sjqyUpdateTime,innerCode,window_overwrite,id
Bond_HolderMeetingM,bond_holdermeetingm,,40,sjqy_update_time,sjqyUpdateTime,innerCode,window_overwrite,id
Bond_HonourBBn,bond_honourbbn,,11,sjqy_update_time,sjqyUpdateTime,,window_overwrite,id
Bond_IBMember,bond_ibmember,,19,sjqy_update_time,sjqyUpdateTime,,window_overwrite,id
Bond_IBORStat,bond_iborstat,,13,sjqy_update_time,sjqyUpdateTime,,window_overwrite,id
Bond_IBSettMemberInfo,bond_ibsettmemberinfo,,19,sjqy_update_time,sjqyUpdateTime,,window_overwrite,id
Bond_IRS,bond_irs,,16,sjqy_update_time,sjqyUpdateTime,secuCode,window_overwrite,id
Bond_IncOrDecHold,bond_incordechold,,22,sjqy_update_time,sjqyUpdateTime,innerCode,window_overwrite,id
Bond_IndexBasicInfo,bond_indexbasicinfo,,24,sjqy_update_time,sjqyUpdateTime,secuCode,window_overwrite,id
Bond_IndexComponent,bond_indexcomponent,,10,sjqy_update_time,sjqyUpdateTime,innerCode,window_overwrite,id
Bond_InstalRedempPrin,bond_instalredempprin,,12,sjqy_update_time,sjqyUpdateTime,innerCode,window_overwrite,id
Bond_IntRedInfoN,bond_intredinfon,,23,sjqy_update_time,sjqyUpdateTime,innerCode,window_overwrite,id
Bond_IntRedInfoPL,bond_intredinfopl,,33,sjqy_update_time,sjqyUpdateTime,innerCode,window_overwrite,id
Bond_InterBankQuote,bond_interbankquote,,60,sjqy_update_time,sjqyUpdateTime,innerCode,window_overwrite,id
Bond_InterestRate,bond_interestrate,,22,sjqy_update_time,sjqyUpdateTime,innerCode,window_overwrite,id
Bond_Issue,bond_issue,,42,sjqy_update_time,sjqyUpdateTime,innerCode,window_overwrite,id
Bond_IssueNew,bond_issuenew,,72,sjqy_update_time,sjqyUpdateTime,,window_overwrite,id
Bond_IssueNewAttach,bond_issuenewattach,,11,sjqy_update_time,sjqyUpdateTime,,window_overwrite,id
Bond_IssueNew_SE,bond_issuenew_se,,5,sjqy_update_time,sjqyUpdateTime,,window_overwrite,id
Bond_IssueProject,bond_issueproject,,19,sjqy_update_time,sjqyUpdateTime,secuCode,window_overwrite,id
Bond_IssueRegInfo,bond_issuereginfo,,22,sjqy_update_time,sjqyUpdateTime,,window_overwrite,id
Bond_IssueRegInfo_SE,bond_issuereginfo_se,,5,sjqy_update_time,sjqyUpdateTime,,window_overwrite,id
Bond_IssueTerm,bond_issueterm,,10,sjqy_update_time,sjqyUpdateTime,innerCode,window_overwrite,id
Bond_IssuerCrLineDet,bond_issuercrlinedet,,15,sjqy_update_time,sjqyUpdateTime,,window_overwrite,id
Bond_IssuerCreditLine,bond_issuercreditline,,15,sjqy_update_time,sjqyUpdateTime,,window_overwrite,id
Bond_IssuerStaff,bond_issuerstaff,,19,sjqy_update_time,sjqyUpdateTime,,window_overwrite,id
Bond_JYYieldCurve,bond_jyyieldcurve,,18,sjqy_update_time,sjqyUpdateTime,,window_overwrite,id
Bond_LCBondsIssuePlan,bond_lcbondsissueplan,,23,sjqy_update_time,sjqyUpdateTime,innerCode,window_overwrite,id
Bond_LCBondsIssuePlan_SE,bond_lcbondsissueplan_se,,5,sjqy_update_time,sjqyUpdateTime,,window_overwrite,id
Bond_LiquidCalendar,bond_liquidcalendar,,12,sjqy_update_time,sjqyUpdateTime,,window_overwrite,id
Bond_MoneyMktCode,bond_moneymktcode,,30,sjqy_update_time,sjqyUpdateTime,secuCode,window_overwrite,id
Bond_MoneySupplyReturn,bond_moneysupplyreturn,,15,sjqy_update_time,sjqyUpdateTime,,window_overwrite,id
Bond_MuniActCtrler,bond_muniactctrler,,17,sjqy_update_time,sjqyUpdateTime,,window_overwrite,id
Bond_MuniCompany,bond_municompany,,14,sjqy_update_time,sjqyUpdateTime,,window_overwrite,id
Bond_MuniEntiNature,bond_munientinature,,30,sjqy_update_time,sjqyUpdateTime,,window_overwrite,id
Bond_MuniFinInfo,bond_munifininfo,,18,sjqy_update_time,sjqyUpdateTime,,window_overwrite,id
Bond_MuniIssueMaturity,bond_muniissuematurity,,31,sjqy_update_time,sjqyUpdateTime,secuCode,window_overwrite,id
Bond_MuniRegMacroInfo,bond_muniregmacroinfo,,18,sjqy_update_time,sjqyUpdateTime,,window_overwrite,id
Bond_MuniSpread,bond_munispread,,16,sjqy_update_time,sjqyUpdateTime,innerCode,window_overwrite,id
Bond_MuniSubRisk,bond_munisubrisk,,14,sjqy_update_time,sjqyUpdateTime,,window_overwrite,id
Bond_MunicipalAreaInfo,bond_municipalareainfo,,32,sjqy_update_time,sjqyUpdateTime,,window_overwrite,id
Bond_Nature,bond_nature,,18,sjqy_update_time,sjqyUpdateTime,innerCode,window_overwrite,id
Bond_NotTextAnnounce,bond_nottextannounce,,18,sjqy_update_time,sjqyUpdateTime,innerCode,window_overwrite,id
Bond_NotTextAnnounce_SE,bond_nottextannounce_se,,5,sjqy_update_time,sjqyUpdateTime,,window_overwrite,id
Bond_NotTextAttach,bond_nottextattach,,12,sjqy_update_time,sjqyUpdateTime,,window_overwrite,id
Bond_NoteInfo,bond_noteinfo,,20,sjqy_update_time,sjqyUpdateTime,innerCode,window_overwrite,id
Bond_NoteInfoA,bond_noteinfoa,,11,sjqy_update_time,sjqyUpdateTime,innerCode,window_overwrite,id
Bond_OTCQuote,bond_otcquote,,25,sjqy_update_time,sjqyUpdateTime,innerCode,window_overwrite,id
Bond_OTCTransaction,bond_otctransaction,,15,sjqy_update_time,sjqyUpdateTime,innerCode,window_overwrite,id
Bond_PreIsuue,bond_preisuue,,20,sjqy_update_time,sjqyUpdateTime,innerCode,window_overwrite,id
Bond_PreIsuueQuote,bond_preisuuequote,,15,sjqy_update_time,sjqyUpdateTime,,window_overwrite,id
Bond_RFundsUseAttach,bond_rfundsuseattach,,10,sjqy_update_time,sjqyUpdateTime,,window_overwrite,id
Bond_RMBInterestRate,bond_rmbinterestrate,,48,sjqy_update_time,sjqyUpdateTime,,window_overwrite,id
Bond_RaiseFundsUse,bond_raisefundsuse,,16,sjqy_update_time,sjqyUpdateTime,innerCode,window_overwrite,id
Bond_RateBondIssuePlan,bond_ratebondissueplan,,17,sjqy_update_time,sjqyUpdateTime,innerCode,window_overwrite,id
Bond_RegInfo,bond_reginfo,,22,sjqy_update_time,sjqyUpdateTime,,window_overwrite,id
Bond_RegInfoAttach,bond_reginfoattach,,9,sjqy_update_time,sjqyUpdateTime,,window_overwrite,id
Bond_RelatedInsChange,bond_relatedinschange,,14,sjqy_update_time,sjqyUpdateTime,innerCode,window_overwrite,id
Bond_RelatedInstitutions,bond_relatedinstitutions,,25,sjqy_update_time,sjqyUpdateTime,,window_overwrite,id
Bond_RepoConversionStd,bond_repoconversionstd,,13,sjqy_update_time,sjqyUpdateTime,innerCode,window_overwrite,id
Bond_RepoDiscRate,bond_repodiscrate,,12,sjqy_update_time,sjqyUpdateTime,innerCode,window_overwrite,id
Bond_SAPYieldCurve,bond_sapyieldcurve,,17,sjqy_update_time,sjqyUpdateTime,,window_overwrite,id
Bond_SBFC_CF,bond_sbfc_cf,,10,sjqy_update_time,sjqyUpdateTime,innerCode,window_overwrite,id
Bond_SBFC_Info,bond_sbfc_info,,39,sjqy_update_time,sjqyUpdateTime,,window_overwrite,id
Bond_SBFC_Margin,bond_sbfc_margin,,11,sjqy_update_time,sjqyUpdateTime,,window_overwrite,id
Bond_SCHIndexCMPT,bond_schindexcmpt,,18,sjqy_update_time,sjqyUpdateTime,innerCode,window_overwrite,id
Bond_SCHIndexQuote,bond_schindexquote,,23,sjqy_update_time,sjqyUpdateTime,innerCode,window_overwrite,id
Bond_SExchangeDetailFI,bond_sexchangedetailfi,,17,sjqy_update_time,sjqyUpdateTime,innerCode,window_overwrite,id
Bond_SHCHValuation,bond_shchvaluation,,34,sjqy_update_time,sjqyUpdateTime,innerCode,window_overwrite,id
Bond_SHCHYieldCurve,bond_shchyieldcurve,,14,sjqy_update_time,sjqyUpdateTime,,window_overwrite,id
Bond_SHCPEYieldCurve,bond_shcpeyieldcurve,,12,sjqy_update_time,sjqyUpdateTime,,window_overwrite,id
Bond_SSEFirmQuoteFI,bond_ssefirmquotefi,,25,sjqy_update_time,sjqyUpdateTime,innerCode,window_overwrite,id
Bond_SSETradeReportM,bond_ssetradereportm,,15,sjqy_update_time,sjqyUpdateTime,,window_overwrite,id
Bond_SZExchangeDetail,bond_szexchangedetail,,19,sjqy_update_time,sjqyUpdateTime,innerCode,window_overwrite,id
Bond_SZSETradeReportM,bond_szsetradereportm,,15,sjqy_update_time,sjqyUpdateTime,,window_overwrite,id
Bond_Size,bond_size,,18,sjqy_update_time,sjqyUpdateTime,,window_overwrite,id
Bond_SpecialNotice,bond_specialnotice,,12,sjqy_update_time,sjqyUpdateTime,innerCode,window_overwrite,id
Bond_StatisReport,bond_statisreport,,13,sjqy_update_time,sjqyUpdateTime,,window_overwrite,id
Bond_SystemConst,bond_systemconst,,17,sjqy_update_time,sjqyUpdateTime,,window_overwrite,id
Bond_TextAnnounce,bond_textannounce,,8,sjqy_update_time,sjqyUpdateTime,,window_overwrite,id
Bond_TradeTChange,bond_tradetchange,,15,sjqy_update_time,sjqyUpdateTime,,window_overwrite,id
Bond_UnderWriter,bond_underwriter,,15,sjqy_update_time,sjqyUpdateTime,,window_overwrite,id
Bond_UnderwriterAmount,bond_underwriteramount,,27,sjqy_update_time,sjqyUpdateTime,,window_overwrite,id
Bond_YieldBasicInfoCB,bond_yieldbasicinfocb,,20,sjqy_update_time,sjqyUpdateTime,innerCode,window_overwrite,id
CFIDB_DeleteRec,cfidb_deleterec,,7,sjqy_update_time,sjqyUpdateTime,,window_overwrite,id
CRDB_DeleteRec,crdb_deleterec,,5,XGRQ,xgrq,,window_overwrite,id
CS_DelistingBasicInfo,cs_delistingbasicinfo,,21,sjqy_update_time,sjqyUpdateTime,innerCode,window_overwrite,id
CS_ForeignHoldingSt,cs_foreignholdingst,,10,sjqy_update_time,sjqyUpdateTime,innerCode,window_overwrite,id
CS_HKStampDutyExRates,cs_hkstampdutyexrates,,10,sjqy_update_time,sjqyUpdateTime,,window_overwrite,id
CS_HKStockPerformance,cs_hkstockperformance,,171,sjqy_update_time,sjqyUpdateTime,innerCode,window_overwrite,id
CS_MktMakerInfo,cs_mktmakerinfo,,17,sjqy_update_time,sjqyUpdateTime,innerCode,window_overwrite,id
CS_ResReportDateAtta,cs_resreportdateatta,,8,sjqy_update_time,sjqyUpdateTime,,window_overwrite,id
CS_ReserveReportDate,cs_reservereportdate,,16,sjqy_update_time,sjqyUpdateTime,innerCode,window_overwrite,id
CS_RiskAlert,cs_riskalert,,14,sjqy_update_time,sjqyUpdateTime,innerCode,window_overwrite,id
CS_RiskWarningAnnounce,cs_riskwarningannounce,,13,sjqy_update_time,sjqyUpdateTime,innerCode,window_overwrite,id
CS_StockAdjPerformance,cs_stockadjperformance,,19,sjqy_update_time,sjqyUpdateTime,innerCode,window_overwrite,id
CS_StockCapFlowIndex,cs_stockcapflowindex,,201,sjqy_update_time,sjqyUpdateTime,innerCode,window_overwrite,id
CS_StockDRXREvent,cs_stockdrxrevent,,22,sjqy_update_time,sjqyUpdateTime,innerCode,window_overwrite,id
CS_StockFluctuAttach,cs_stockfluctuattach,,16,sjqy_update_time,sjqyUpdateTime,,window_overwrite,id
CS_StockFluctuation,cs_stockfluctuation,,19,sjqy_update_time,sjqyUpdateTime,innerCode,window_overwrite,id
CS_StockQuoteInfo,cs_stockquoteinfo,,33,sjqy_update_time,sjqyUpdateTime,innerCode,window_overwrite,id
CS_StockStyleCoef,cs_stockstylecoef,,27,sjqy_update_time,sjqyUpdateTime,innerCode,window_overwrite,id
CS_StockStyleThreshold,cs_stockstylethreshold,,12,sjqy_update_time,sjqyUpdateTime,,window_overwrite,id
CS_SupplyChainRela,cs_supplychainrela,,17,sjqy_update_time,sjqyUpdateTime,,window_overwrite,id
CT_Industry,ct_industry,,9,sjqy_update_time,sjqyUpdateTime,,window_overwrite,id
CT_IndustryType,ct_industrytype,,23,sjqy_update_time,sjqyUpdateTime,,window_overwrite,id
CT_Keywords,ct_keywords,,11,sjqy_update_time,sjqyUpdateTime,,window_overwrite,id
CT_Personal,ct_personal,,23,sjqy_update_time,sjqyUpdateTime,,window_overwrite,id
CT_Product,ct_product,,9,sjqy_update_time,sjqyUpdateTime,,window_overwrite,id
CT_SystemConst,ct_systemconst,,13,sjqy_update_time,sjqyUpdateTime,,window_overwrite,id
DATABASECHANGELOG,databasechangelog,,16,sjqy_update_time,sjqyUpdateTime,,window_overwrite,id
DATABASECHANGELOGLOCK,databasechangeloglock,,6,sjqy_update_time,sjqyUpdateTime,,window_overwrite,id
DZ_7PercentChange,dz_7percentchange,,32,sjqy_update_time,sjqyUpdateTime,innerCode,window_overwrite,id
DZ_7PercentChange_SE,dz_7percentchange_se,,5,sjqy_update_time,sjqyUpdateTime,,window_overwrite,id
DZ_AShareCDRHolder,dz_asharecdrholder,,42,sjqy_update_time,sjqyUpdateTime,,window_overwrite,id
DZ_AShareCDRHolder_SE,dz_asharecdrholder_se,,5,sjqy_update_time,sjqyUpdateTime,,window_overwrite,id
DZ_AShareCDRTransRatio,dz_asharecdrtransratio,,18,sjqy_update_time,sjqyUpdateTime,innerCode,window_overwrite,id
DZ_AShareIPO,dz_ashareipo,,286,sjqy_update_time,sjqyUpdateTime,secuCode,window_overwrite,id
DZ_AShareIPOAttach,dz_ashareipoattach,,14,sjqy_update_time,sjqyUpdateTime,innerCode,window_overwrite,id
DZ_AShareIPO_Fee,dz_ashareipo_fee,,24,sjqy_update_time,sjqyUpdateTime,,window_overwrite,id
DZ_AShareIPO_SE,dz_ashareipo_se,,5,sjqy_update_time,sjqyUpdateTime,,window_overwrite,id
DZ_ASharePlacement,dz_ashareplacement,,84,sjqy_update_time,sjqyUpdateTime,innerCode,window_overwrite,id
DZ_AShareSNIAttach,dz_asharesniattach,,9,sjqy_update_time,sjqyUpdateTime,,window_overwrite,id
DZ_AShareSeasonedNewIssue,dz_ashareseasonednewissue,,173,sjqy_update_time,sjqyUpdateTime,innerCode,window_overwrite,id
DZ_AShareSeasonedNewIssue_SE,dz_ashareseasonednewissue_se,,5,sjqy_update_time,sjqyUpdateTime,,window_overwrite,id
DZ_AdjustingFactor,dz_adjustingfactor,,13,sjqy_update_time,sjqyUpdateTime,innerCode,window_overwrite,id
DZ_AfterDailyQuote,dz_afterdailyquote,,15,sjqy_update_time,sjqyUpdateTime,innerCode,window_overwrite,id
DZ_AnnClassifi,dz_annclassifi,,10,sjqy_update_time,sjqyUpdateTime,,window_overwrite,id
DZ_Announcement,dz_announcement,,16,sjqy_update_time,sjqyUpdateTime,,window_overwrite,id
DZ_AnnouncementInfo,dz_announcementinfo,,23,sjqy_update_time,sjqyUpdateTime,innerCode,window_overwrite,id
DZ_AnnouncementInfo_SE,dz_announcementinfo_se,,5,sjqy_update_time,sjqyUpdateTime,,window_overwrite,id
DZ_AshareIPOBid,dz_ashareipobid,,23,sjqy_update_time,sjqyUpdateTime,innerCode,window_overwrite,id
DZ_AshareIssueCostPlaned,dz_ashareissuecostplaned,,20,sjqy_update_time,sjqyUpdateTime,,window_overwrite,id
DZ_AuditOpinion,dz_auditopinion,,16,sjqy_update_time,sjqyUpdateTime,,window_overwrite,id
DZ_BalanceSheetAll,dz_balancesheetall,,232,sjqy_update_time,sjqyUpdateTime,,window_overwrite,id
DZ_BalanceSheetPSCN,dz_balancesheetpscn,,28,sjqy_update_time,sjqyUpdateTime,,window_overwrite,id
DZ_Business,dz_business,,19,sjqy_update_time,sjqyUpdateTime,,window_overwrite,id
DZ_Business_SE,dz_business_se,,5,sjqy_update_time,sjqyUpdateTime,,window_overwrite,id
DZ_CapitalInvest,dz_capitalinvest,,33,sjqy_update_time,sjqyUpdateTime,innerCode,window_overwrite,id
DZ_CapitalInvest_SE,dz_capitalinvest_se,,5,sjqy_update_time,sjqyUpdateTime,,window_overwrite,id
DZ_CashFlowStatementAll,dz_cashflowstatementall,,175,sjqy_update_time,sjqyUpdateTime,,window_overwrite,id
DZ_CodeChange,dz_codechange,,14,sjqy_update_time,sjqyUpdateTime,secuCode,window_overwrite,id
DZ_CodeRelationship,dz_coderelationship,,13,sjqy_update_time,sjqyUpdateTime,innerCode,window_overwrite,id
DZ_ConsultingPlatform,dz_consultingplatform,,17,sjqy_update_time,sjqyUpdateTime,secuCode,window_overwrite,id
DZ_DIndicesForValuation,dz_dindicesforvaluation,,53,sjqy_update_time,sjqyUpdateTime,innerCode,window_overwrite,id
DZ_DailyQuote,dz_dailyquote,,16,sjqy_update_time,sjqyUpdateTime,innerCode,window_overwrite,id
DZ_Dividend,dz_dividend,,68,sjqy_update_time,sjqyUpdateTime,innerCode,window_overwrite,id
DZ_DividendProgress,dz_dividendprogress,,41,sjqy_update_time,sjqyUpdateTime,innerCode,window_overwrite,id
DZ_DividendProgress_SE,dz_dividendprogress_se,,5,sjqy_update_time,sjqyUpdateTime,,window_overwrite,id
DZ_Dividend_SE,dz_dividend_se,,5,sjqy_update_time,sjqyUpdateTime,,window_overwrite,id
DZ_EnterpriseLogo,dz_enterpriselogo,,13,sjqy_update_time,sjqyUpdateTime,,window_overwrite,id
DZ_EquityChangesStatement,dz_equitychangesstatement,,37,sjqy_update_time,sjqyUpdateTime,,window_overwrite,id
DZ_ExecutivesHoldings,dz_executivesholdings,,38,sjqy_update_time,sjqyUpdateTime,,window_overwrite,id
DZ_ExecutivesHoldings_SE,dz_executivesholdings_se,,5,sjqy_update_time,sjqyUpdateTime,,window_overwrite,id
DZ_ExgIndustry,dz_exgindustry,,21,sjqy_update_time,sjqyUpdateTime,,window_overwrite,id
DZ_FLAgency,dz_flagency,,14,sjqy_update_time,sjqyUpdateTime,,window_overwrite,id
DZ_FSDerivedData,dz_fsderiveddata,,56,sjqy_update_time,sjqyUpdateTime,,window_overwrite,id
DZ_FSPerformedLetters,dz_fsperformedletters,,102,sjqy_update_time,sjqyUpdateTime,,window_overwrite,id
DZ_FixedAssets,dz_fixedassets,,34,sjqy_update_time,sjqyUpdateTime,,window_overwrite,id
DZ_FloatScheduleAttach,dz_floatscheduleattach,,8,sjqy_update_time,sjqyUpdateTime,,window_overwrite,id
DZ_FloatingSchedule,dz_floatingschedule,,21,sjqy_update_time,sjqyUpdateTime,innerCode,window_overwrite,id
DZ_FreshestShareStru,dz_freshestsharestru,,82,sjqy_update_time,sjqyUpdateTime,,window_overwrite,id
DZ_IPODeclaration,dz_ipodeclaration,,56,sjqy_update_time,sjqyUpdateTime,innerCode,window_overwrite,id
DZ_IPODeclaration_SE,dz_ipodeclaration_se,,5,sjqy_update_time,sjqyUpdateTime,,window_overwrite,id
DZ_IPOQuoteDetails,dz_ipoquotedetails,,28,sjqy_update_time,sjqyUpdateTime,innerCode,window_overwrite,id
DZ_IncomeStatementAll,dz_incomestatementall,,167,sjqy_update_time,sjqyUpdateTime,,window_overwrite,id
DZ_IncomeStatementPSCN,dz_incomestatementpscn,,19,sjqy_update_time,sjqyUpdateTime,,window_overwrite,id
DZ_IntAssetsDetail,dz_intassetsdetail,,24,sjqy_update_time,sjqyUpdateTime,innerCode,window_overwrite,id
DZ_IntangibleAssetNew,dz_intangibleassetnew,,29,sjqy_update_time,sjqyUpdateTime,,window_overwrite,id
DZ_InterimBulletin,dz_interimbulletin,,16,sjqy_update_time,sjqyUpdateTime,,window_overwrite,id
DZ_InterimBulletin_SE,dz_interimbulletin_se,,5,sjqy_update_time,sjqyUpdateTime,,window_overwrite,id
DZ_IssuanceExamination,dz_issuanceexamination,,63,sjqy_update_time,sjqyUpdateTime,innerCode,window_overwrite,id
DZ_IssuanceExamination_SE,dz_issuanceexamination_se,,5,sjqy_update_time,sjqyUpdateTime,,window_overwrite,id
DZ_IssueAndListAgent,dz_issueandlistagent,,33,sjqy_update_time,sjqyUpdateTime,innerCode,window_overwrite,id
DZ_LargeSHSubscription,dz_largeshsubscription,,13,sjqy_update_time,sjqyUpdateTime,innerCode,window_overwrite,id
DZ_LargeSHSubscription_SE,dz_largeshsubscription_se,,5,sjqy_update_time,sjqyUpdateTime,,window_overwrite,id
DZ_LeaderIntroduce,dz_leaderintroduce,,25,sjqy_update_time,sjqyUpdateTime,,window_overwrite,id
DZ_LeaderIntroduce_SE,dz_leaderintroduce_se,,5,sjqy_update_time,sjqyUpdateTime,,window_overwrite,id
DZ_LeaderPosition,dz_leaderposition,,20,sjqy_update_time,sjqyUpdateTime,,window_overwrite,id
DZ_LeaderStockAlter,dz_leaderstockalter,,24,sjqy_update_time,sjqyUpdateTime,innerCode,window_overwrite,id
DZ_LegalDistribution,dz_legaldistribution,,45,sjqy_update_time,sjqyUpdateTime,secuCode,window_overwrite,id
DZ_LegalDistribution_SE,dz_legaldistribution_se,,5,sjqy_update_time,sjqyUpdateTime,,window_overwrite,id
DZ_ListStatus,dz_liststatus,,13,sjqy_update_time,sjqyUpdateTime,innerCode,window_overwrite,id
DZ_MainDataNew,dz_maindatanew,,98,sjqy_update_time,sjqyUpdateTime,,window_overwrite,id
DZ_MainOperIncome,dz_mainoperincome,,35,sjqy_update_time,sjqyUpdateTime,,window_overwrite,id
DZ_MainSHListNew,dz_mainshlistnew,,62,sjqy_update_time,sjqyUpdateTime,secuCode,window_overwrite,id
DZ_Mshareholder,dz_mshareholder,,27,sjqy_update_time,sjqyUpdateTime,,window_overwrite,id
DZ_Mshareholder_SE,dz_mshareholder_se,,5,sjqy_update_time,sjqyUpdateTime,,window_overwrite,id
DZ_NameChange,dz_namechange,,16,sjqy_update_time,sjqyUpdateTime,,window_overwrite,id
DZ_NewestFinaIndex,dz_newestfinaindex,,32,sjqy_update_time,sjqyUpdateTime,,window_overwrite,id
DZ_NonRecurringEvent,dz_nonrecurringevent,,19,sjqy_update_time,sjqyUpdateTime,,window_overwrite,id
DZ_NotTextAnnouncement,dz_nottextannouncement,,22,sjqy_update_time,sjqyUpdateTime,innerCode,window_overwrite,id
DZ_NotTextAnnouncement_SE,dz_nottextannouncement_se,,5,sjqy_update_time,sjqyUpdateTime,,window_overwrite,id
DZ_NotTextAttach,dz_nottextattach,,12,sjqy_update_time,sjqyUpdateTime,,window_overwrite,id
DZ_OtherAssets,dz_otherassets,,21,sjqy_update_time,sjqyUpdateTime,,window_overwrite,id
DZ_Performance,dz_performance,,132,sjqy_update_time,sjqyUpdateTime,innerCode,window_overwrite,id
DZ_PerformanceData,dz_performancedata,,40,sjqy_update_time,sjqyUpdateTime,innerCode,window_overwrite,id
DZ_PerformanceForecast,dz_performanceforecast,,30,sjqy_update_time,sjqyUpdateTime,,window_overwrite,id
DZ_PerformanceForecast_SE,dz_performanceforecast_se,,5,sjqy_update_time,sjqyUpdateTime,,window_overwrite,id
DZ_PriceLimit,dz_pricelimit,,17,sjqy_update_time,sjqyUpdateTime,innerCode,window_overwrite,id
DZ_QCashFlowStatementNew,dz_qcashflowstatementnew,,156,sjqy_update_time,sjqyUpdateTime,,window_overwrite,id
DZ_QIncomeStatementNew,dz_qincomestatementnew,,131,sjqy_update_time,sjqyUpdateTime,,window_overwrite,id
DZ_RestrictedToFloats,dz_restrictedtofloats,,45,sjqy_update_time,sjqyUpdateTime,,window_overwrite,id
DZ_RewardStat,dz_rewardstat,,17,sjqy_update_time,sjqyUpdateTime,,window_overwrite,id
DZ_SHNumber,dz_shnumber,,67,sjqy_update_time,sjqyUpdateTime,,window_overwrite,id
DZ_SecuChange,dz_secuchange,,17,sjqy_update_time,sjqyUpdateTime,innerCode,window_overwrite,id
DZ_ShareStru,dz_sharestru,,76,sjqy_update_time,sjqyUpdateTime,,window_overwrite,id
DZ_ShareStru_SE,dz_sharestru_se,,5,sjqy_update_time,sjqyUpdateTime,,window_overwrite,id
DZ_ShareTransfer,dz_sharetransfer,,52,sjqy_update_time,sjqyUpdateTime,innerCode,window_overwrite,id
DZ_SpecialNotice,dz_specialnotice,,19,sjqy_update_time,sjqyUpdateTime,innerCode,window_overwrite,id
DZ_SpecialTrade,dz_specialtrade,,13,sjqy_update_time,sjqyUpdateTime,innerCode,window_overwrite,id
DZ_SpecialTradeAtta,dz_specialtradeatta,,8,sjqy_update_time,sjqyUpdateTime,,window_overwrite,id
DZ_Staff,dz_staff,,19,sjqy_update_time,sjqyUpdateTime,,window_overwrite,id
DZ_StockArchives,dz_stockarchives,,57,sjqy_update_time,sjqyUpdateTime,,window_overwrite,id
DZ_StockArchives_FT,dz_stockarchives_ft,,56,sjqy_update_time,sjqyUpdateTime,,window_overwrite,id
DZ_StockHoldingSt,dz_stockholdingst,,143,sjqy_update_time,sjqyUpdateTime,innerCode,window_overwrite,id
DZ_StockPerformance,dz_stockperformance,,138,sjqy_update_time,sjqyUpdateTime,innerCode,window_overwrite,id
DZ_StrategyLoanInfo,dz_strategyloaninfo,,14,sjqy_update_time,sjqyUpdateTime,innerCode,window_overwrite,id
DZ_SuppCustAttach,dz_suppcustattach,,13,sjqy_update_time,sjqyUpdateTime,,window_overwrite,id
DZ_SuppCustDetail,dz_suppcustdetail,,21,sjqy_update_time,sjqyUpdateTime,,window_overwrite,id
DZ_SuspendResumption,dz_suspendresumption,,18,sjqy_update_time,sjqyUpdateTime,innerCode,window_overwrite,id
DZ_TextAnnounce,dz_textannounce,,8,sjqy_update_time,sjqyUpdateTime,,window_overwrite,id
DZ_TradingCapitalFlow,dz_tradingcapitalflow,,14,sjqy_update_time,sjqyUpdateTime,innerCode,window_overwrite,id
ED_InsuCoScoreOfSARMRA,ed_insucoscoreofsarmra,,20,sjqy_update_time,sjqyUpdateTime,,window_overwrite,id
ED_InsurerCoOperations,ed_insurercooperations,,25,sjqy_update_time,sjqyUpdateTime,,window_overwrite,id
ED_PenInsurCoEA,ed_peninsurcoea,,19,sjqy_update_time,sjqyUpdateTime,,window_overwrite,id
ED_PremiumIncomeByCorp,ed_premiumincomebycorp,,15,sjqy_update_time,sjqyUpdateTime,,window_overwrite,id
ED_RMBBaseEXchangeRate,ed_rmbbaseexchangerate,,16,sjqy_update_time,sjqyUpdateTime,,window_overwrite,id
ED_SSFBalanceSheet,ed_ssfbalancesheet,,57,sjqy_update_time,sjqyUpdateTime,,window_overwrite,id
ED_SSFCashFlow,ed_ssfcashflow,,37,sjqy_update_time,sjqyUpdateTime,,window_overwrite,id
ED_SSFEquityChange,ed_ssfequitychange,,34,sjqy_update_time,sjqyUpdateTime,,window_overwrite,id
ED_SSFIncome,ed_ssfincome,,40,sjqy_update_time,sjqyUpdateTime,,window_overwrite,id
ED_SecuKnowledge,ed_secuknowledge,,17,sjqy_update_time,sjqyUpdateTime,,window_overwrite,id
FIN_Derivative,fin_derivative,,345,sjqy_update_time,sjqyUpdateTime,,window_overwrite,id
FIN_TTMDerivative,fin_ttmderivative,,193,sjqy_update_time,sjqyUpdateTime,,window_overwrite,id
Fut_AbitrageContract,fut_abitragecontract,,21,sjqy_update_time,sjqyUpdateTime,,window_overwrite,id
Fut_CGBDeriv,fut_cgbderiv,,19,sjqy_update_time,sjqyUpdateTime,,window_overwrite,id
Fut_ContinueContrQuote,fut_continuecontrquote,,31,sjqy_update_time,sjqyUpdateTime,,window_overwrite,id
Fut_ContractAttach,fut_contractattach,,13,sjqy_update_time,sjqyUpdateTime,,window_overwrite,id
Fut_ContractMain,fut_contractmain,,49,sjqy_update_time,sjqyUpdateTime,,window_overwrite,id
Fut_ContractMapping,fut_contractmapping,,12,sjqy_update_time,sjqyUpdateTime,,window_overwrite,id
Fut_ConversionFactors,fut_conversionfactors,,14,sjqy_update_time,sjqyUpdateTime,,window_overwrite,id
Fut_DailyQuote,fut_dailyquote,,31,sjqy_update_time,sjqyUpdateTime,innerCode,window_overwrite,id
Fut_DeliveryDec,fut_deliverydec,,13,sjqy_update_time,sjqyUpdateTime,,window_overwrite,id
Fut_DeliveryStat,fut_deliverystat,,12,sjqy_update_time,sjqyUpdateTime,,window_overwrite,id
Fut_FutureIndicators,fut_futureindicators,,16,sjqy_update_time,sjqyUpdateTime,,window_overwrite,id
Fut_FuturesContract,fut_futurescontract,,33,sjqy_update_time,sjqyUpdateTime,,window_overwrite,id
Fut_IntendedDeliBond,fut_intendeddelibond,,11,sjqy_update_time,sjqyUpdateTime,,window_overwrite,id
Fut_MemberInfo,fut_memberinfo,,19,sjqy_update_time,sjqyUpdateTime,,window_overwrite,id
Fut_MemberRankByContract,fut_memberrankbycontract,,18,sjqy_update_time,sjqyUpdateTime,,window_overwrite,id
Fut_Parameters,fut_parameters,,44,sjqy_update_time,sjqyUpdateTime,,window_overwrite,id
Fut_QJIndexCW,fut_qjindexcw,,13,sjqy_update_time,sjqyUpdateTime,,window_overwrite,id
Fut_Statute,fut_statute,,14,sjqy_update_time,sjqyUpdateTime,,window_overwrite,id
Fut_TradeStat,fut_tradestat,,22,sjqy_update_time,sjqyUpdateTime,,window_overwrite,id
Fut_TradeStatByContract,fut_tradestatbycontract,,23,sjqy_update_time,sjqyUpdateTime,,window_overwrite,id
Fut_TradingHours,fut_tradinghours,,27,sjqy_update_time,sjqyUpdateTime,,window_overwrite,id
Fut_TradingQuote,fut_tradingquote,,36,sjqy_update_time,sjqyUpdateTime,,window_overwrite,id
Fut_UnilateralMarket,fut_unilateralmarket,,13,sjqy_update_time,sjqyUpdateTime,,window_overwrite,id
Fut_WRStatByOption,fut_wrstatbyoption,,22,sjqy_update_time,sjqyUpdateTime,,window_overwrite,id
Fut_WRStatDaily,fut_wrstatdaily,,33,sjqy_update_time,sjqyUpdateTime,,window_overwrite,id
Fut_Warehouse,fut_warehouse,,38,sjqy_update_time,sjqyUpdateTime,,window_overwrite,id
HK_AdjFactorNew,hk_adjfactornew,,16,sjqy_update_time,sjqyUpdateTime,innerCode,window_overwrite,id
HK_AdjustingFactor,hk_adjustingfactor,,8,sjqy_update_time,sjqyUpdateTime,innerCode,window_overwrite,id
HK_AgencyChange,hk_agencychange,,15,sjqy_update_time,sjqyUpdateTime,innerCode,window_overwrite,id
HK_BenchmarkAllocation,hk_benchmarkallocation,,20,sjqy_update_time,sjqyUpdateTime,innerCode,window_overwrite,id
HK_CBBCArchive,hk_cbbcarchive,,37,sjqy_update_time,sjqyUpdateTime,innerCode,window_overwrite,id
HK_CBBCQDQIndex,hk_cbbcqdqindex,,27,sjqy_update_time,sjqyUpdateTime,innerCode,window_overwrite,id
HK_CCASSHoldRecDet,hk_ccassholdrecdet,,11,sjqy_update_time,sjqyUpdateTime,innerCode,window_overwrite,id
HK_CCASSHoldRecord,hk_ccassholdrecord,,22,sjqy_update_time,sjqyUpdateTime,innerCode,window_overwrite,id
HK_CodeChange,hk_codechange,,14,sjqy_update_time,sjqyUpdateTime,innerCode,window_overwrite,id
HK_CodeRelationship,hk_coderelationship,,16,sjqy_update_time,sjqyUpdateTime,innerCode,window_overwrite,id
HK_CompanyArchives,hk_companyarchives,,32,sjqy_update_time,sjqyUpdateTime,,window_overwrite,id
HK_CompanyArchives_FT,hk_companyarchives_ft,,15,sjqy_update_time,sjqyUpdateTime,,window_overwrite,id
HK_ContDataChange,hk_contdatachange,,15,sjqy_update_time,sjqyUpdateTime,innerCode,window_overwrite,id
HK_DarkPoolQuote,hk_darkpoolquote,,22,sjqy_update_time,sjqyUpdateTime,innerCode,window_overwrite,id
HK_EmployeeChange,hk_employeechange,,14,sjqy_update_time,sjqyUpdateTime,innerCode,window_overwrite,id
HK_ExFundAdjustFactor,hk_exfundadjustfactor,,13,sjqy_update_time,sjqyUpdateTime,innerCode,window_overwrite,id
HK_ExgIndustry,hk_exgindustry,,11,sjqy_update_time,sjqyUpdateTime,,window_overwrite,id
HK_FiscalYearChange,hk_fiscalyearchange,,13,sjqy_update_time,sjqyUpdateTime,innerCode,window_overwrite,id
HK_FundAdjustingFactor,hk_fundadjustingfactor,,9,sjqy_update_time,sjqyUpdateTime,innerCode,window_overwrite,id
HK_FundAnnounceFile,hk_fundannouncefile,,12,sjqy_update_time,sjqyUpdateTime,,window_overwrite,id
HK_FundArchives,hk_fundarchives,,42,sjqy_update_time,sjqyUpdateTime,innerCode,window_overwrite,id
HK_FundArchives_FT,hk_fundarchives_ft,,14,sjqy_update_time,sjqyUpdateTime,,window_overwrite,id
HK_FundArchives_SE,hk_fundarchives_se,,5,sjqy_update_time,sjqyUpdateTime,,window_overwrite,id
HK_FundChargeRate,hk_fundchargerate,,42,sjqy_update_time,sjqyUpdateTime,innerCode,window_overwrite,id
HK_FundChargeRate_SE,hk_fundchargerate_se,,5,sjqy_update_time,sjqyUpdateTime,,window_overwrite,id
HK_FundClassification,hk_fundclassification,,18,sjqy_update_time,sjqyUpdateTime,innerCode,window_overwrite,id
HK_FundDividend,hk_funddividend,,17,sjqy_update_time,sjqyUpdateTime,innerCode,window_overwrite,id
HK_FundDownsideRisk,hk_funddownsiderisk,,22,sjqy_update_time,sjqyUpdateTime,innerCode,window_overwrite,id
HK_FundManager,hk_fundmanager,,17,sjqy_update_time,sjqyUpdateTime,innerCode,window_overwrite,id
HK_FundMaxDrawd,hk_fundmaxdrawd,,68,sjqy_update_time,sjqyUpdateTime,innerCode,window_overwrite,id
HK_FundNotTextAnnounce,hk_fundnottextannounce,,24,sjqy_update_time,sjqyUpdateTime,innerCode,window_overwrite,id
HK_FundNotTextAttach,hk_fundnottextattach,,8,sjqy_update_time,sjqyUpdateTime,innerCode,window_overwrite,id
HK_FundRelationship,hk_fundrelationship,,13,sjqy_update_time,sjqyUpdateTime,innerCode,window_overwrite,id
HK_FundReturnStd,hk_fundreturnstd,,21,sjqy_update_time,sjqyUpdateTime,innerCode,window_overwrite,id
HK_FundRiskReturnAvg,hk_fundriskreturnavg,,22,sjqy_update_time,sjqyUpdateTime,innerCode,window_overwrite,id
HK_FundSharesSplit,hk_fundsharessplit,,12,sjqy_update_time,sjqyUpdateTime,innerCode,window_overwrite,id
HK_FundSharpeRatio,hk_fundsharperatio,,22,sjqy_update_time,sjqyUpdateTime,innerCode,window_overwrite,id
HK_FundSortinoRatio,hk_fundsortinoratio,,22,sjqy_update_time,sjqyUpdateTime,innerCode,window_overwrite,id
HK_IndexCPsWeight,hk_indexcpsweight,,10,sjqy_update_time,sjqyUpdateTime,innerCode,window_overwrite,id
HK_IndexComponent,hk_indexcomponent,,10,sjqy_update_time,sjqyUpdateTime,,window_overwrite,id
HK_IndustryCategory,hk_industrycategory,,19,sjqy_update_time,sjqyUpdateTime,,window_overwrite,id
HK_IndustryValuation,hk_industryvaluation,,24,sjqy_update_time,sjqyUpdateTime,,window_overwrite,id
HK_InvestmentPortfolio,hk_investmentportfolio,,20,sjqy_update_time,sjqyUpdateTime,innerCode,window_overwrite,id
HK_ListStatus,hk_liststatus,,12,sjqy_update_time,sjqyUpdateTime,innerCode,window_overwrite,id
HK_NVPerformance,hk_nvperformance,,29,sjqy_update_time,sjqyUpdateTime,innerCode,window_overwrite,id
HK_NetValue,hk_netvalue,,25,sjqy_update_time,sjqyUpdateTime,innerCode,window_overwrite,id
HK_NetValueRe,hk_netvaluere,,12,sjqy_update_time,sjqyUpdateTime,innerCode,window_overwrite,id
HK_PurAndRedStatus,hk_purandredstatus,,16,sjqy_update_time,sjqyUpdateTime,innerCode,window_overwrite,id
HK_PurchaseAndRedeem,hk_purchaseandredeem,,32,sjqy_update_time,sjqyUpdateTime,innerCode,window_overwrite,id
HK_RMFArchives,hk_rmfarchives,,41,sjqy_update_time,sjqyUpdateTime,innerCode,window_overwrite,id
HK_RMFBondCreditRating,hk_rmfbondcreditrating,,15,sjqy_update_time,sjqyUpdateTime,innerCode,window_overwrite,id
HK_RMFPortfolioDetail,hk_rmfportfoliodetail,,20,sjqy_update_time,sjqyUpdateTime,innerCode,window_overwrite,id
HK_RelADRTransRatio,hk_reladrtransratio,,17,sjqy_update_time,sjqyUpdateTime,innerCode,window_overwrite,id
HK_RelatedInstitutions,hk_relatedinstitutions,,19,sjqy_update_time,sjqyUpdateTime,innerCode,window_overwrite,id
HK_RiskStockList,hk_riskstocklist,,12,sjqy_update_time,sjqyUpdateTime,innerCode,window_overwrite,id
HK_SEHKPartiList,hk_sehkpartilist,,16,sjqy_update_time,sjqyUpdateTime,,window_overwrite,id
HK_SHSellingList,hk_shsellinglist,,12,sjqy_update_time,sjqyUpdateTime,innerCode,window_overwrite,id
HK_ScaleAnalysis,hk_scaleanalysis,,23,sjqy_update_time,sjqyUpdateTime,innerCode,window_overwrite,id
HK_SecuCodeTable,hk_secucodetable,,35,sjqy_update_time,sjqyUpdateTime,secuCode,window_overwrite,id
HK_SecuMain,hk_secumain,,25,sjqy_update_time,sjqyUpdateTime,secuCode,window_overwrite,id
HK_SecuNameChange,hk_secunamechange,,17,sjqy_update_time,sjqyUpdateTime,innerCode,window_overwrite,id
HK_ShortPosStati,hk_shortposstati,,11,sjqy_update_time,sjqyUpdateTime,innerCode,window_overwrite,id
HK_ShortST,hk_shortst,,17,sjqy_update_time,sjqyUpdateTime,innerCode,window_overwrite,id
HK_SpeSecList,hk_speseclist,,13,sjqy_update_time,sjqyUpdateTime,innerCode,window_overwrite,id
HK_StatisticalAnalysis,hk_statisticalanalysis,,16,sjqy_update_time,sjqyUpdateTime,innerCode,window_overwrite,id
HK_StockArchives,hk_stockarchives,,28,sjqy_update_time,sjqyUpdateTime,,window_overwrite,id
HK_StockArchives_FT,hk_stockarchives_ft,,17,sjqy_update_time,sjqyUpdateTime,,window_overwrite,id
HK_SuspendResump,hk_suspendresump,,13,sjqy_update_time,sjqyUpdateTime,innerCode,window_overwrite,id
HK_TempParTrade,hk_temppartrade,,17,sjqy_update_time,sjqyUpdateTime,innerCode,window_overwrite,id
HK_TransEleChange,hk_transelechange,,18,sjqy_update_time,sjqyUpdateTime,innerCode,window_overwrite,id
HK_WarrantSummary,hk_warrantsummary,,82,sjqy_update_time,sjqyUpdateTime,innerCode,window_overwrite,id
HK_WartArchives,hk_wartarchives,,36,sjqy_update_time,sjqyUpdateTime,innerCode,window_overwrite,id
HK_WartDQDerIndex,hk_wartdqderindex,,17,sjqy_update_time,sjqyUpdateTime,innerCode,window_overwrite,id
HK_WartDQIndex,hk_wartdqindex,,27,sjqy_update_time,sjqyUpdateTime,innerCode,window_overwrite,id
INTERFACE2DB_DeleteRec,interface2db_deleterec,,7,sjqy_update_time,sjqyUpdateTime,,window_overwrite,id
Index_AnnClassifi,index_annclassifi,,10,sjqy_update_time,sjqyUpdateTime,,window_overwrite,id
Index_CapitalFlow,index_capitalflow,,41,sjqy_update_time,sjqyUpdateTime,,window_overwrite,id
Index_CapitalFlowTotal,index_capitalflowtotal,,105,sjqy_update_time,sjqyUpdateTime,,window_overwrite,id
Index_DerivPercentile,index_derivpercentile,,22,sjqy_update_time,sjqyUpdateTime,,window_overwrite,id
Index_FinIndicator,index_finindicator,,123,sjqy_update_time,sjqyUpdateTime,,window_overwrite,id
Index_FinancialData,index_financialdata,,111,sjqy_update_time,sjqyUpdateTime,,window_overwrite,id
Index_GilBondComponent,index_gilbondcomponent,,11,sjqy_update_time,sjqyUpdateTime,innerCode,window_overwrite,id
Index_GilBondQuote,index_gilbondquote,,17,sjqy_update_time,sjqyUpdateTime,,window_overwrite,id
Index_GilComponent,index_gilcomponent,,11,sjqy_update_time,sjqyUpdateTime,innerCode,window_overwrite,id
Index_GilDerivPCTL,index_gilderivpctl,,22,sjqy_update_time,sjqyUpdateTime,,window_overwrite,id
Index_GilDerivative,index_gilderivative,,38,sjqy_update_time,sjqyUpdateTime,,window_overwrite,id
Index_GilFundComponent,index_gilfundcomponent,,11,sjqy_update_time,sjqyUpdateTime,innerCode,window_overwrite,id
Index_GilFundQuote,index_gilfundquote,,17,sjqy_update_time,sjqyUpdateTime,,window_overwrite,id
Index_GilPerformance,index_gilperformance,,125,sjqy_update_time,sjqyUpdateTime,,window_overwrite,id
Index_GilQuote,index_gilquote,,19,sjqy_update_time,sjqyUpdateTime,,window_overwrite,id
Index_NotTextAnnounce,index_nottextannounce,,17,sjqy_update_time,sjqyUpdateTime,innerCode,window_overwrite,id
Index_NotTextAnnounce_SE,index_nottextannounce_se,,5,sjqy_update_time,sjqyUpdateTime,,window_overwrite,id
Index_NotTextAttach,index_nottextattach,,12,sjqy_update_time,sjqyUpdateTime,,window_overwrite,id
Index_PForecastFTM,index_pforecastftm,,23,sjqy_update_time,sjqyUpdateTime,,window_overwrite,id
Index_ProfitForecast,index_profitforecast,,73,sjqy_update_time,sjqyUpdateTime,,window_overwrite,id
Index_QFinIndicator,index_qfinindicator,,33,sjqy_update_time,sjqyUpdateTime,,window_overwrite,id
Index_QuoteTecIndex,index_quotetecindex,,36,sjqy_update_time,sjqyUpdateTime,,window_overwrite,id
Index_RelatedOrg,index_relatedorg,,11,sjqy_update_time,sjqyUpdateTime,,window_overwrite,id
Index_ReleaseChanInfo,index_releasechaninfo,,15,sjqy_update_time,sjqyUpdateTime,secuCode,window_overwrite,id
Index_ReturnAnalysis,index_returnanalysis,,31,sjqy_update_time,sjqyUpdateTime,,window_overwrite,id
Index_RiskAnalysis,index_riskanalysis,,31,sjqy_update_time,sjqyUpdateTime,,window_overwrite,id
Index_TagChange,index_tagchange,,19,sjqy_update_time,sjqyUpdateTime,,window_overwrite,id
Index_TagType,index_tagtype,,12,sjqy_update_time,sjqyUpdateTime,,window_overwrite,id
Index_TextAnnounce,index_textannounce,,8,sjqy_update_time,sjqyUpdateTime,,window_overwrite,id
JYDB_DeleteRec,jydb_deleterec,,7,sjqy_update_time,sjqyUpdateTime,,window_overwrite,id
LC_AICRelAttach,lc_aicrelattach,,10,sjqy_update_time,sjqyUpdateTime,,window_overwrite,id
LC_AICRelationship,lc_aicrelationship,,15,sjqy_update_time,sjqyUpdateTime,,window_overwrite,id
LC_ActualController,lc_actualcontroller,,15,sjqy_update_time,sjqyUpdateTime,,window_overwrite,id
LC_AddressChange,lc_addresschange,,34,sjqy_update_time,sjqyUpdateTime,,window_overwrite,id
LC_AppoitmentSecu,lc_appoitmentsecu,,24,sjqy_update_time,sjqyUpdateTime,innerCode,window_overwrite,id
LC_AreaCode,lc_areacode,,19,sjqy_update_time,sjqyUpdateTime,,window_overwrite,id
LC_AreaRelatingInfo,lc_arearelatinginfo,,13,sjqy_update_time,sjqyUpdateTime,,window_overwrite,id
LC_AshareSNIBid,lc_asharesnibid,,22,sjqy_update_time,sjqyUpdateTime,innerCode,window_overwrite,id
LC_AssetTCLD,lc_assettcld,,30,sjqy_update_time,sjqyUpdateTime,,window_overwrite,id
LC_BOBasicInfoNew,lc_bobasicinfonew,,25,sjqy_update_time,sjqyUpdateTime,,window_overwrite,id
LC_BankIndiConst,lc_bankindiconst,,10,sjqy_update_time,sjqyUpdateTime,,window_overwrite,id
LC_BankLoan,lc_bankloan,,21,sjqy_update_time,sjqyUpdateTime,,window_overwrite,id
LC_BlockTrading,lc_blocktrading,,23,sjqy_update_time,sjqyUpdateTime,innerCode,window_overwrite,id
LC_BlockTradingIntent,lc_blocktradingintent,,12,sjqy_update_time,sjqyUpdateTime,innerCode,window_overwrite,id
LC_Buyback,lc_buyback,,42,sjqy_update_time,sjqyUpdateTime,,window_overwrite,id
LC_BuybackAttach,lc_buybackattach,,18,sjqy_update_time,sjqyUpdateTime,,window_overwrite,id
LC_Buyback_SE,lc_buyback_se,,5,sjqy_update_time,sjqyUpdateTime,,window_overwrite,id
LC_COConcept,lc_coconcept,,12,sjqy_update_time,sjqyUpdateTime,innerCode,window_overwrite,id
LC_CSIIndusPE,lc_csiinduspe,,26,sjqy_update_time,sjqyUpdateTime,secuCode,window_overwrite,id
LC_CSIIndustry,lc_csiindustry,,21,sjqy_update_time,sjqyUpdateTime,innerCode,window_overwrite,id
LC_ConceptList,lc_conceptlist,,17,sjqy_update_time,sjqyUpdateTime,,window_overwrite,id
LC_CorporationAgent,lc_corporationagent,,18,sjqy_update_time,sjqyUpdateTime,,window_overwrite,id
LC_CorrIndexIndustry,lc_corrindexindustry,,10,sjqy_update_time,sjqyUpdateTime,,window_overwrite,id
LC_Credit,lc_credit,,51,sjqy_update_time,sjqyUpdateTime,,window_overwrite,id
LC_Deregulation,lc_deregulation,,26,sjqy_update_time,sjqyUpdateTime,,window_overwrite,id
LC_Deregulation_SE,lc_deregulation_se,,5,sjqy_update_time,sjqyUpdateTime,,window_overwrite,id
LC_ESOP,lc_esop,,41,sjqy_update_time,sjqyUpdateTime,innerCode,window_overwrite,id
LC_ESOPConduct,lc_esopconduct,,27,sjqy_update_time,sjqyUpdateTime,innerCode,window_overwrite,id
LC_ESOPHolder,lc_esopholder,,11,sjqy_update_time,sjqyUpdateTime,,window_overwrite,id
LC_ESOPSummary,lc_esopsummary,,19,sjqy_update_time,sjqyUpdateTime,innerCode,window_overwrite,id
LC_EntrustInv,lc_entrustinv,,33,sjqy_update_time,sjqyUpdateTime,,window_overwrite,id
LC_EquityPenetrate,lc_equitypenetrate,,25,sjqy_update_time,sjqyUpdateTime,,window_overwrite,id
LC_ExgIndChange,lc_exgindchange,,21,sjqy_update_time,sjqyUpdateTime,,window_overwrite,id
LC_FinancialExpense,lc_financialexpense,,29,sjqy_update_time,sjqyUpdateTime,,window_overwrite,id
LC_FinancialLicense,lc_financiallicense,,28,sjqy_update_time,sjqyUpdateTime,,window_overwrite,id
LC_FreeFloat,lc_freefloat,,24,sjqy_update_time,sjqyUpdateTime,innerCode,window_overwrite,id
LC_InactStockHoldSt,lc_inactstockholdst,,25,sjqy_update_time,sjqyUpdateTime,innerCode,window_overwrite,id
LC_IncentivePlanChange,lc_incentiveplanchange,,23,sjqy_update_time,sjqyUpdateTime,innerCode,window_overwrite,id
LC_IncentivePlanImplement,lc_incentiveplanimplement,,22,sjqy_update_time,sjqyUpdateTime,innerCode,window_overwrite,id
LC_IncentivePlans,lc_incentiveplans,,40,sjqy_update_time,sjqyUpdateTime,innerCode,window_overwrite,id
LC_IndFinIndicators,lc_indfinindicators,,67,sjqy_update_time,sjqyUpdateTime,,window_overwrite,id
LC_IndexBasicInfo,lc_indexbasicinfo,,32,sjqy_update_time,sjqyUpdateTime,,window_overwrite,id
LC_IndexComponent,lc_indexcomponent,,11,sjqy_update_time,sjqyUpdateTime,,window_overwrite,id
LC_IndexComponentsWeight,lc_indexcomponentsweight,,10,sjqy_update_time,sjqyUpdateTime,innerCode,window_overwrite,id
LC_IndexDerivative,lc_indexderivative,,38,sjqy_update_time,sjqyUpdateTime,,window_overwrite,id
LC_IndexNews,lc_indexnews,,16,sjqy_update_time,sjqyUpdateTime,,window_overwrite,id
LC_IndexPrepComponent,lc_indexprepcomponent,,10,sjqy_update_time,sjqyUpdateTime,innerCode,window_overwrite,id
LC_IndexRelationship,lc_indexrelationship,,16,sjqy_update_time,sjqyUpdateTime,secuCode,window_overwrite,id
LC_IndustryValuation,lc_industryvaluation,,26,sjqy_update_time,sjqyUpdateTime,,window_overwrite,id
LC_InstiArchive,lc_instiarchive,,49,sjqy_update_time,sjqyUpdateTime,,window_overwrite,id
LC_InstiEvaluation,lc_instievaluation,,14,sjqy_update_time,sjqyUpdateTime,,window_overwrite,id
LC_InstiQualCoRe,lc_instiqualcore,,18,sjqy_update_time,sjqyUpdateTime,,window_overwrite,id
LC_InstitutionCode,lc_institutioncode,,12,sjqy_update_time,sjqyUpdateTime,,window_overwrite,id
LC_IntangibleAsset,lc_intangibleasset,,14,sjqy_update_time,sjqyUpdateTime,,window_overwrite,id
LC_InvestQuota,lc_investquota,,15,sjqy_update_time,sjqyUpdateTime,,window_overwrite,id
LC_InvestorDetail,lc_investordetail,,13,sjqy_update_time,sjqyUpdateTime,,window_overwrite,id
LC_InvestorDetail_SE,lc_investordetail_se,,5,sjqy_update_time,sjqyUpdateTime,,window_overwrite,id
LC_InvestorRa,lc_investorra,,21,sjqy_update_time,sjqyUpdateTime,innerCode,window_overwrite,id
LC_InvestorRa_SE,lc_investorra_se,,5,sjqy_update_time,sjqyUpdateTime,,window_overwrite,id
LC_LeaderRelate,lc_leaderrelate,,19,sjqy_update_time,sjqyUpdateTime,,window_overwrite,id
LC_MainIndexChange,lc_mainindexchange,,21,sjqy_update_time,sjqyUpdateTime,,window_overwrite,id
LC_MainIndexNew,lc_mainindexnew,,275,sjqy_update_time,sjqyUpdateTime,,window_overwrite,id
LC_MajorContract,lc_majorcontract,,33,sjqy_update_time,sjqyUpdateTime,,window_overwrite,id
LC_MajorEventStat,lc_majoreventstat,,14,sjqy_update_time,sjqyUpdateTime,,window_overwrite,id
LC_MajorPunishALL,lc_majorpunishall,,14,sjqy_update_time,sjqyUpdateTime,,window_overwrite,id
LC_MajorPunishALL_SE,lc_majorpunishall_se,,5,sjqy_update_time,sjqyUpdateTime,,window_overwrite,id
LC_Merger,lc_merger,,44,sjqy_update_time,sjqyUpdateTime,,window_overwrite,id
LC_NameHistorical,lc_namehistorical,,16,sjqy_update_time,sjqyUpdateTime,,window_overwrite,id
LC_NationalStockHoldSt,lc_nationalstockholdst,,18,sjqy_update_time,sjqyUpdateTime,innerCode,window_overwrite,id
LC_OperatingStatus,lc_operatingstatus,,10,sjqy_update_time,sjqyUpdateTime,,window_overwrite,id
LC_PFManagerInfo,lc_pfmanagerinfo,,36,sjqy_update_time,sjqyUpdateTime,,window_overwrite,id
LC_PFManagerInfoAtta,lc_pfmanagerinfoatta,,10,sjqy_update_time,sjqyUpdateTime,,window_overwrite,id
LC_PFManagerInvInfo,lc_pfmanagerinvinfo,,17,sjqy_update_time,sjqyUpdateTime,,window_overwrite,id
LC_PFManagerOtherInfor,lc_pfmanagerotherinfor,,18,sjqy_update_time,sjqyUpdateTime,,window_overwrite,id
LC_PositionAtta,lc_positionatta,,12,sjqy_update_time,sjqyUpdateTime,,window_overwrite,id
LC_PromiseImplement,lc_promiseimplement,,33,sjqy_update_time,sjqyUpdateTime,,window_overwrite,id
LC_PurchaseAndSale,lc_purchaseandsale,,19,sjqy_update_time,sjqyUpdateTime,,window_overwrite,id
LC_QFinancialIndexNew,lc_qfinancialindexnew,,104,sjqy_update_time,sjqyUpdateTime,,window_overwrite,id
LC_RCalendar,lc_rcalendar,,17,sjqy_update_time,sjqyUpdateTime,,window_overwrite,id
LC_RConsideration,lc_rconsideration,,47,sjqy_update_time,sjqyUpdateTime,,window_overwrite,id
LC_RConsideration_SE,lc_rconsideration_se,,5,sjqy_update_time,sjqyUpdateTime,,window_overwrite,id
LC_Regroup,lc_regroup,,41,sjqy_update_time,sjqyUpdateTime,,window_overwrite,id
LC_RelatedSH,lc_relatedsh,,33,sjqy_update_time,sjqyUpdateTime,,window_overwrite,id
LC_RelatedTrade,lc_relatedtrade,,27,sjqy_update_time,sjqyUpdateTime,,window_overwrite,id
LC_Relationship,lc_relationship,,40,sjqy_update_time,sjqyUpdateTime,,window_overwrite,id
LC_SHPromise,lc_shpromise,,115,sjqy_update_time,sjqyUpdateTime,,window_overwrite,id
LC_SHPromise_SE,lc_shpromise_se,,5,sjqy_update_time,sjqyUpdateTime,,window_overwrite,id
LC_SHSCActiveShares,lc_shscactiveshares,,16,sjqy_update_time,sjqyUpdateTime,secuCode,window_overwrite,id
LC_SHSCComponent,lc_shsccomponent,,11,sjqy_update_time,sjqyUpdateTime,secuCode,window_overwrite,id
LC_SHSCEliStocks,lc_shscelistocks,,16,sjqy_update_time,sjqyUpdateTime,secuCode,window_overwrite,id
LC_SHSCForex,lc_shscforex,,12,sjqy_update_time,sjqyUpdateTime,,window_overwrite,id
LC_SHSCQuotaInfo,lc_shscquotainfo,,17,sjqy_update_time,sjqyUpdateTime,,window_overwrite,id
LC_SHSCTradeStat,lc_shsctradestat,,44,sjqy_update_time,sjqyUpdateTime,,window_overwrite,id
LC_SHSZHSCCompany_FT,lc_shszhsccompany_ft,,16,sjqy_update_time,sjqyUpdateTime,,window_overwrite,id
LC_SHSZHSCHoldings,lc_shszhscholdings,,17,sjqy_update_time,sjqyUpdateTime,innerCode,window_overwrite,id
LC_SHSZHSCIndTradeFlow,lc_shszhscindtradeflow,,24,sjqy_update_time,sjqyUpdateTime,,window_overwrite,id
LC_SHSZHSCShortSelling,lc_shszhscshortselling,,18,sjqy_update_time,sjqyUpdateTime,secuCode,window_overwrite,id
LC_SHSZHSCTradeFlow,lc_shszhsctradeflow,,26,sjqy_update_time,sjqyUpdateTime,secuCode,window_overwrite,id
LC_SHTypeClassifi,lc_shtypeclassifi,,15,sjqy_update_time,sjqyUpdateTime,,window_overwrite,id
LC_SMAttendInfo,lc_smattendinfo,,72,sjqy_update_time,sjqyUpdateTime,,window_overwrite,id
LC_SMAttendInfo_SE,lc_smattendinfo_se,,5,sjqy_update_time,sjqyUpdateTime,,window_overwrite,id
LC_SMTVoting,lc_smtvoting,,19,sjqy_update_time,sjqyUpdateTime,,window_overwrite,id
LC_SMVoting,lc_smvoting,,106,sjqy_update_time,sjqyUpdateTime,,window_overwrite,id
LC_SMVotingAttach,lc_smvotingattach,,12,sjqy_update_time,sjqyUpdateTime,,window_overwrite,id
LC_SSIIndusPE,lc_ssiinduspe,,18,sjqy_update_time,sjqyUpdateTime,innerCode,window_overwrite,id
LC_STIBAICRelAttach,lc_stibaicrelattach,,10,sjqy_update_time,sjqyUpdateTime,,window_overwrite,id
LC_STIBAICRelationship,lc_stibaicrelationship,,15,sjqy_update_time,sjqyUpdateTime,,window_overwrite,id
LC_STIBBlockTrading,lc_stibblocktrading,,23,sjqy_update_time,sjqyUpdateTime,innerCode,window_overwrite,id
LC_STIBExeHoldReward,lc_stibexeholdreward,,33,sjqy_update_time,sjqyUpdateTime,,window_overwrite,id
LC_STIBMainIndex,lc_stibmainindex,,229,sjqy_update_time,sjqyUpdateTime,,window_overwrite,id
LC_STIBOperatingStatus,lc_stiboperatingstatus,,11,sjqy_update_time,sjqyUpdateTime,,window_overwrite,id
LC_STIBSMAttendInfo,lc_stibsmattendinfo,,57,sjqy_update_time,sjqyUpdateTime,,window_overwrite,id
LC_SecuChange,lc_secuchange,,16,sjqy_update_time,sjqyUpdateTime,innerCode,window_overwrite,id
LC_SecuHolder,lc_secuholder,,20,sjqy_update_time,sjqyUpdateTime,innerCode,window_overwrite,id
LC_SecuHolder_SE,lc_secuholder_se,,5,sjqy_update_time,sjqyUpdateTime,,window_overwrite,id
LC_SecurityOperatingPR,lc_securityoperatingpr,,19,sjqy_update_time,sjqyUpdateTime,,window_overwrite,id
LC_ShareFP,lc_sharefp,,34,sjqy_update_time,sjqyUpdateTime,,window_overwrite,id
LC_ShareFPSta,lc_sharefpsta,,28,sjqy_update_time,sjqyUpdateTime,,window_overwrite,id
LC_ShareMergerReform,lc_sharemergerreform,,75,sjqy_update_time,sjqyUpdateTime,,window_overwrite,id
LC_ShareMergerReform_SE,lc_sharemergerreform_se,,5,sjqy_update_time,sjqyUpdateTime,,window_overwrite,id
LC_ShareTrustee,lc_sharetrustee,,17,sjqy_update_time,sjqyUpdateTime,,window_overwrite,id
LC_StockStyle,lc_stockstyle,,12,sjqy_update_time,sjqyUpdateTime,innerCode,window_overwrite,id
LC_StructureChart,lc_structurechart,,13,sjqy_update_time,sjqyUpdateTime,,window_overwrite,id
LC_Subsidy,lc_subsidy,,34,sjqy_update_time,sjqyUpdateTime,,window_overwrite,id
LC_Subsidy_SE,lc_subsidy_se,,5,sjqy_update_time,sjqyUpdateTime,,window_overwrite,id
LC_SuitArbitration,lc_suitarbitration,,49,sjqy_update_time,sjqyUpdateTime,,window_overwrite,id
LC_SuitArbitration_SE,lc_suitarbitration_se,,5,sjqy_update_time,sjqyUpdateTime,,window_overwrite,id
LC_SuppCustAttach,lc_suppcustattach,,13,sjqy_update_time,sjqyUpdateTime,,window_overwrite,id
LC_SuppCustDetail,lc_suppcustdetail,,21,sjqy_update_time,sjqyUpdateTime,,window_overwrite,id
LC_Tax,lc_tax,,24,sjqy_update_time,sjqyUpdateTime,,window_overwrite,id
LC_TaxChange,lc_taxchange,,36,sjqy_update_time,sjqyUpdateTime,,window_overwrite,id
LC_TenderOffer,lc_tenderoffer,,43,sjqy_update_time,sjqyUpdateTime,,window_overwrite,id
LC_TenderOfferAttach,lc_tenderofferattach,,10,sjqy_update_time,sjqyUpdateTime,,window_overwrite,id
LC_TenderOffer_SE,lc_tenderoffer_se,,5,sjqy_update_time,sjqyUpdateTime,,window_overwrite,id
LC_TransferPlan,lc_transferplan,,45,sjqy_update_time,sjqyUpdateTime,,window_overwrite,id
LC_TransferPlanAttach,lc_transferplanattach,,18,sjqy_update_time,sjqyUpdateTime,,window_overwrite,id
LC_TrustInvestSITN,lc_trustinvestsitn,,29,sjqy_update_time,sjqyUpdateTime,,window_overwrite,id
LC_Warrant,lc_warrant,,52,sjqy_update_time,sjqyUpdateTime,,window_overwrite,id
LC_ZHSCActiveShares,lc_zhscactiveshares,,16,sjqy_update_time,sjqyUpdateTime,secuCode,window_overwrite,id
LC_ZHSCComponent,lc_zhsccomponent,,11,sjqy_update_time,sjqyUpdateTime,secuCode,window_overwrite,id
LC_ZHSCEliStocks,lc_zhscelistocks,,16,sjqy_update_time,sjqyUpdateTime,secuCode,window_overwrite,id
LC_ZHSCForex,lc_zhscforex,,12,sjqy_update_time,sjqyUpdateTime,,window_overwrite,id
LC_ZHSCQuotaInfo,lc_zhscquotainfo,,15,sjqy_update_time,sjqyUpdateTime,,window_overwrite,id
LC_ZHSCTradeStat,lc_zhsctradestat,,44,sjqy_update_time,sjqyUpdateTime,,window_overwrite,id
MF_AIPPerform,mf_aipperform,,22,sjqy_update_time,sjqyUpdateTime,innerCode,window_overwrite,id
MF_AIPPerformTrans,mf_aipperformtrans,,17,sjqy_update_time,sjqyUpdateTime,innerCode,window_overwrite,id
MF_AdjustingFactor,mf_adjustingfactor,,12,sjqy_update_time,sjqyUpdateTime,innerCode,window_overwrite,id
MF_AdvisorPersonnel,mf_advisorpersonnel,,18,sjqy_update_time,sjqyUpdateTime,,window_overwrite,id
MF_AdvisorPersonnel_SE,mf_advisorpersonnel_se,,5,sjqy_update_time,sjqyUpdateTime,,window_overwrite,id
MF_AdvisorSH,mf_advisorsh,,18,sjqy_update_time,sjqyUpdateTime,,window_overwrite,id
MF_AdvisorSH_SE,mf_advisorsh_se,,5,sjqy_update_time,sjqyUpdateTime,,window_overwrite,id
MF_AdvisorScaleRank,mf_advisorscalerank,,68,sjqy_update_time,sjqyUpdateTime,,window_overwrite,id
MF_AdvisorShareholder,mf_advisorshareholder,,15,sjqy_update_time,sjqyUpdateTime,,window_overwrite,id
MF_AdvisorShareholder_SE,mf_advisorshareholder_se,,5,sjqy_update_time,sjqyUpdateTime,,window_overwrite,id
MF_AdvisorSharesChange,mf_advisorshareschange,,16,sjqy_update_time,sjqyUpdateTime,innerCode,window_overwrite,id
MF_AnnClassifi,mf_annclassifi,,10,sjqy_update_time,sjqyUpdateTime,,window_overwrite,id
MF_Announcement,mf_announcement,,16,sjqy_update_time,sjqyUpdateTime,innerCode,window_overwrite,id
MF_AssetAllocation,mf_assetallocation,,16,sjqy_update_time,sjqyUpdateTime,innerCode,window_overwrite,id
MF_AssetAllocationAll,mf_assetallocationall,,190,sjqy_update_time,sjqyUpdateTime,innerCode,window_overwrite,id
MF_AssetAllocationNew,mf_assetallocationnew,,201,sjqy_update_time,sjqyUpdateTime,innerCode,window_overwrite,id
MF_BalanceSheet,mf_balancesheet,,62,sjqy_update_time,sjqyUpdateTime,innerCode,window_overwrite,id
MF_BalanceSheetNew,mf_balancesheetnew,,104,sjqy_update_time,sjqyUpdateTime,innerCode,window_overwrite,id
MF_BankAccountInfo,mf_bankaccountinfo,,19,sjqy_update_time,sjqyUpdateTime,,window_overwrite,id
MF_BenchmarkAllocation,mf_benchmarkallocation,,22,sjqy_update_time,sjqyUpdateTime,innerCode,window_overwrite,id
MF_BenchmarkGRTrans,mf_benchmarkgrtrans,,26,sjqy_update_time,sjqyUpdateTime,innerCode,window_overwrite,id
MF_BenchmarkGRTrend,mf_benchmarkgrtrend,,18,sjqy_update_time,sjqyUpdateTime,innerCode,window_overwrite,id
MF_BenchmarkGrowthRate,mf_benchmarkgrowthrate,,26,sjqy_update_time,sjqyUpdateTime,innerCode,window_overwrite,id
MF_BondCreditGrading,mf_bondcreditgrading,,16,sjqy_update_time,sjqyUpdateTime,innerCode,window_overwrite,id
MF_BondPortifolioDetail,mf_bondportifoliodetail,,16,sjqy_update_time,sjqyUpdateTime,innerCode,window_overwrite,id
MF_BondPortifolioStru,mf_bondportifoliostru,,14,sjqy_update_time,sjqyUpdateTime,innerCode,window_overwrite,id
MF_CashFlowStatement,mf_cashflowstatement,,119,sjqy_update_time,sjqyUpdateTime,innerCode,window_overwrite,id
MF_ChargeRateInfo,mf_chargerateinfo,,33,sjqy_update_time,sjqyUpdateTime,innerCode,window_overwrite,id
MF_ChargeRateNew,mf_chargeratenew,,44,sjqy_update_time,sjqyUpdateTime,innerCode,window_overwrite,id
MF_ChargeRateNew_SE,mf_chargeratenew_se,,5,sjqy_update_time,sjqyUpdateTime,,window_overwrite,id
MF_CodeAndChange,mf_codeandchange,,15,sjqy_update_time,sjqyUpdateTime,innerCode,window_overwrite,id
MF_CodeRelationshipNew,mf_coderelationshipnew,,15,sjqy_update_time,sjqyUpdateTime,innerCode,window_overwrite,id
MF_CollectProgress,mf_collectprogress,,31,sjqy_update_time,sjqyUpdateTime,innerCode,window_overwrite,id
MF_Dividend,mf_dividend,,40,sjqy_update_time,sjqyUpdateTime,innerCode,window_overwrite,id
MF_ETFPRComponents,mf_etfprcomponents,,20,sjqy_update_time,sjqyUpdateTime,secuCode,window_overwrite,id
MF_ETFPRList,mf_etfprlist,,34,sjqy_update_time,sjqyUpdateTime,innerCode,window_overwrite,id
MF_EquityChangesStatement,mf_equitychangesstatement,,29,sjqy_update_time,sjqyUpdateTime,innerCode,window_overwrite,id
MF_ExchangFundHolderInfo,mf_exchangfundholderinfo,,23,sjqy_update_time,sjqyUpdateTime,innerCode,window_overwrite,id
MF_ExchangeShare,mf_exchangeshare,,14,sjqy_update_time,sjqyUpdateTime,innerCode,window_overwrite,id
MF_FinancialIndex,mf_financialindex,,47,sjqy_update_time,sjqyUpdateTime,innerCode,window_overwrite,id
MF_FundAnEarning,mf_fundanearning,,27,sjqy_update_time,sjqyUpdateTime,innerCode,window_overwrite,id
MF_FundArchives,mf_fundarchives,,75,sjqy_update_time,sjqyUpdateTime,secuCode,window_overwrite,id
MF_FundArchivesAttach,mf_fundarchivesattach,,18,sjqy_update_time,sjqyUpdateTime,innerCode,window_overwrite,id
MF_FundArchivesText,mf_fundarchivestext,,13,sjqy_update_time,sjqyUpdateTime,innerCode,window_overwrite,id
MF_FundBondPortTerm,mf_fundbondportterm,,40,sjqy_update_time,sjqyUpdateTime,innerCode,window_overwrite,id
MF_FundFuturesDetail,mf_fundfuturesdetail,,20,sjqy_update_time,sjqyUpdateTime,innerCode,window_overwrite,id
MF_FundHolderMeeting,mf_fundholdermeeting,,48,sjqy_update_time,sjqyUpdateTime,innerCode,window_overwrite,id
MF_FundHolderMeetingA,mf_fundholdermeetinga,,20,sjqy_update_time,sjqyUpdateTime,innerCode,window_overwrite,id
MF_FundManEscAttach,mf_fundmanescattach,,17,sjqy_update_time,sjqyUpdateTime,,window_overwrite,id
MF_FundManEscAttachT,mf_fundmanescattacht,,17,sjqy_update_time,sjqyUpdateTime,,window_overwrite,id
MF_FundManPhoAttach,mf_fundmanphoattach,,17,sjqy_update_time,sjqyUpdateTime,,window_overwrite,id
MF_FundManagerNew,mf_fundmanagernew,,18,sjqy_update_time,sjqyUpdateTime,innerCode,window_overwrite,id
MF_FundManagerRank,mf_fundmanagerrank,,15,sjqy_update_time,sjqyUpdateTime,innerCode,window_overwrite,id
MF_FundManagerTrans,mf_fundmanagertrans,,19,sjqy_update_time,sjqyUpdateTime,innerCode,window_overwrite,id
MF_FundNetValueRe,mf_fundnetvaluere,,12,sjqy_update_time,sjqyUpdateTime,innerCode,window_overwrite,id
MF_FundNetValueReTrans,mf_fundnetvalueretrans,,13,sjqy_update_time,sjqyUpdateTime,innerCode,window_overwrite,id
MF_FundPerformance,mf_fundperformance,,16,sjqy_update_time,sjqyUpdateTime,innerCode,window_overwrite,id
MF_FundPortifolioDetail,mf_fundportifoliodetail,,17,sjqy_update_time,sjqyUpdateTime,innerCode,window_overwrite,id
MF_FundProdName,mf_fundprodname,,17,sjqy_update_time,sjqyUpdateTime,innerCode,window_overwrite,id
MF_FundRiskLevel,mf_fundrisklevel,,13,sjqy_update_time,sjqyUpdateTime,innerCode,window_overwrite,id
MF_FundStatusTA,mf_fundstatusta,,9,sjqy_update_time,sjqyUpdateTime,innerCode,window_overwrite,id
MF_FundTagChange,mf_fundtagchange,,14,sjqy_update_time,sjqyUpdateTime,innerCode,window_overwrite,id
MF_FundTradeInfo,mf_fundtradeinfo,,15,sjqy_update_time,sjqyUpdateTime,innerCode,window_overwrite,id
MF_FundType,mf_fundtype,,18,sjqy_update_time,sjqyUpdateTime,,window_overwrite,id
MF_FundsReference,mf_fundsreference,,23,sjqy_update_time,sjqyUpdateTime,innerCode,window_overwrite,id
MF_FutFairValue,mf_futfairvalue,,16,sjqy_update_time,sjqyUpdateTime,innerCode,window_overwrite,id
MF_GFIrCoDropRange,mf_gfircodroprange,,11,sjqy_update_time,sjqyUpdateTime,innerCode,window_overwrite,id
MF_GFThresHold,mf_gfthreshold,,18,sjqy_update_time,sjqyUpdateTime,innerCode,window_overwrite,id
MF_GradedFund,mf_gradedfund,,13,sjqy_update_time,sjqyUpdateTime,innerCode,window_overwrite,id
MF_GradedFundFT,mf_gradedfundft,,10,sjqy_update_time,sjqyUpdateTime,innerCode,window_overwrite,id
MF_HolderInfo,mf_holderinfo,,29,sjqy_update_time,sjqyUpdateTime,innerCode,window_overwrite,id
MF_HolderScaleAnalysis,mf_holderscaleanalysis,,14,sjqy_update_time,sjqyUpdateTime,,window_overwrite,id
MF_IRRiskExposure,mf_irriskexposure,,59,sjqy_update_time,sjqyUpdateTime,innerCode,window_overwrite,id
MF_IncomePayment,mf_incomepayment,,18,sjqy_update_time,sjqyUpdateTime,innerCode,window_overwrite,id
MF_IncomeStatementNew,mf_incomestatementnew,,79,sjqy_update_time,sjqyUpdateTime,innerCode,window_overwrite,id
MF_IndexReturn,mf_indexreturn,,27,sjqy_update_time,sjqyUpdateTime,,window_overwrite,id
MF_IndexReturnHis,mf_indexreturnhis,,27,sjqy_update_time,sjqyUpdateTime,,window_overwrite,id
MF_IndustryPortAll,mf_industryportall,,17,sjqy_update_time,sjqyUpdateTime,innerCode,window_overwrite,id
MF_InherentFundInvest,mf_inherentfundinvest,,21,sjqy_update_time,sjqyUpdateTime,innerCode,window_overwrite,id
MF_InitiatorHolding,mf_initiatorholding,,15,sjqy_update_time,sjqyUpdateTime,innerCode,window_overwrite,id
MF_InstitutionCode,mf_institutioncode,,11,sjqy_update_time,sjqyUpdateTime,,window_overwrite,id
MF_InterimBulletin,mf_interimbulletin,,13,sjqy_update_time,sjqyUpdateTime,,window_overwrite,id
MF_InterimBulletin_SE,mf_interimbulletin_se,,5,sjqy_update_time,sjqyUpdateTime,,window_overwrite,id
MF_InvestAdvisorOutline,mf_investadvisoroutline,,30,sjqy_update_time,sjqyUpdateTime,,window_overwrite,id
MF_InvestIndustry,mf_investindustry,,17,sjqy_update_time,sjqyUpdateTime,innerCode,window_overwrite,id
MF_InvestTargetCriterion,mf_investtargetcriterion,,20,sjqy_update_time,sjqyUpdateTime,innerCode,window_overwrite,id
MF_IssueAndListing,mf_issueandlisting,,87,sjqy_update_time,sjqyUpdateTime,innerCode,window_overwrite,id
MF_IssueAndListing_SE,mf_issueandlisting_se,,5,sjqy_update_time,sjqyUpdateTime,,window_overwrite,id
MF_JYFundType,mf_jyfundtype,,18,sjqy_update_time,sjqyUpdateTime,innerCode,window_overwrite,id
MF_KeyStockPortfolio,mf_keystockportfolio,,18,sjqy_update_time,sjqyUpdateTime,innerCode,window_overwrite,id
MF_LargeRedemption,mf_largeredemption,,17,sjqy_update_time,sjqyUpdateTime,innerCode,window_overwrite,id
MF_ListStatus,mf_liststatus,,16,sjqy_update_time,sjqyUpdateTime,innerCode,window_overwrite,id
MF_ListStatus_SE,mf_liststatus_se,,5,sjqy_update_time,sjqyUpdateTime,,window_overwrite,id
MF_MFNetValue,mf_mfnetvalue,,14,sjqy_update_time,sjqyUpdateTime,innerCode,window_overwrite,id
MF_MMInvestPerformance,mf_mminvestperformance,,12,sjqy_update_time,sjqyUpdateTime,innerCode,window_overwrite,id
MF_MMPerformanceTrans,mf_mmperformancetrans,,37,sjqy_update_time,sjqyUpdateTime,innerCode,window_overwrite,id
MF_MMYieldPerformance,mf_mmyieldperformance,,36,sjqy_update_time,sjqyUpdateTime,innerCode,window_overwrite,id
MF_MainFinancialIndex,mf_mainfinancialindex,,29,sjqy_update_time,sjqyUpdateTime,innerCode,window_overwrite,id
MF_MainFinancialIndexQ,mf_mainfinancialindexq,,20,sjqy_update_time,sjqyUpdateTime,innerCode,window_overwrite,id
MF_ManagerExperience,mf_managerexperience,,15,sjqy_update_time,sjqyUpdateTime,,window_overwrite,id
MF_MarketPriceRisk,mf_marketpricerisk,,20,sjqy_update_time,sjqyUpdateTime,innerCode,window_overwrite,id
MF_MoneySpecialIndex,mf_moneyspecialindex,,26,sjqy_update_time,sjqyUpdateTime,innerCode,window_overwrite,id
MF_NVChange,mf_nvchange,,17,sjqy_update_time,sjqyUpdateTime,innerCode,window_overwrite,id
MF_NVPerformTransHTwo,mf_nvperformtranshtwo,,28,sjqy_update_time,sjqyUpdateTime,innerCode,window_overwrite,id
MF_NVPerformanceTrans,mf_nvperformancetrans,,30,sjqy_update_time,sjqyUpdateTime,innerCode,window_overwrite,id
MF_NVPerformanceTransH,mf_nvperformancetransh,,28,sjqy_update_time,sjqyUpdateTime,innerCode,window_overwrite,id
MF_NetValue,mf_netvalue,,18,sjqy_update_time,sjqyUpdateTime,innerCode,window_overwrite,id
MF_NetValueCashe,mf_netvaluecashe,,15,sjqy_update_time,sjqyUpdateTime,innerCode,window_overwrite,id
MF_NetValuePerformance,mf_netvalueperformance,,29,sjqy_update_time,sjqyUpdateTime,innerCode,window_overwrite,id
MF_NetValuePerformanceHis,mf_netvalueperformancehis,,27,sjqy_update_time,sjqyUpdateTime,innerCode,window_overwrite,id
MF_NetValueReDeExt,mf_netvalueredeext,,15,sjqy_update_time,sjqyUpdateTime,innerCode,window_overwrite,id
MF_NetValueReTransII,mf_netvalueretransii,,13,sjqy_update_time,sjqyUpdateTime,innerCode,window_overwrite,id
MF_NetValueReTransTwo,mf_netvalueretranstwo,,13,sjqy_update_time,sjqyUpdateTime,innerCode,window_overwrite,id
MF_NetValueTrans,mf_netvaluetrans,,16,sjqy_update_time,sjqyUpdateTime,innerCode,window_overwrite,id
MF_NetValueYieldTrans,mf_netvalueyieldtrans,,17,sjqy_update_time,sjqyUpdateTime,innerCode,window_overwrite,id
MF_NetValueYieldTrend,mf_netvalueyieldtrend,,17,sjqy_update_time,sjqyUpdateTime,innerCode,window_overwrite,id
MF_NotTextAnnouncement,mf_nottextannouncement,,23,sjqy_update_time,sjqyUpdateTime,innerCode,window_overwrite,id
MF_NotTextAnnouncement_SE,mf_nottextannouncement_se,,5,sjqy_update_time,sjqyUpdateTime,,window_overwrite,id
MF_NotTextAttach,mf_nottextattach,,12,sjqy_update_time,sjqyUpdateTime,,window_overwrite,id
MF_OperatePeriod,mf_operateperiod,,16,sjqy_update_time,sjqyUpdateTime,innerCode,window_overwrite,id
MF_OperatingStatus,mf_operatingstatus,,15,sjqy_update_time,sjqyUpdateTime,innerCode,window_overwrite,id
MF_PerformanceDistribution,mf_performancedistribution,,49,sjqy_update_time,sjqyUpdateTime,innerCode,window_overwrite,id
MF_PersonalInfo,mf_personalinfo,,24,sjqy_update_time,sjqyUpdateTime,,window_overwrite,id
MF_PersonalInfoChange,mf_personalinfochange,,24,sjqy_update_time,sjqyUpdateTime,innerCode,window_overwrite,id
MF_PortfolioArchives,mf_portfolioarchives,,33,sjqy_update_time,sjqyUpdateTime,secuCode,window_overwrite,id
MF_PortfolioBenchGR,mf_portfoliobenchgr,,26,sjqy_update_time,sjqyUpdateTime,innerCode,window_overwrite,id
MF_PortfolioBenchmark,mf_portfoliobenchmark,,13,sjqy_update_time,sjqyUpdateTime,innerCode,window_overwrite,id
MF_PortfolioChargeRate,mf_portfoliochargerate,,26,sjqy_update_time,sjqyUpdateTime,innerCode,window_overwrite,id
MF_PortfolioDetails,mf_portfoliodetails,,16,sjqy_update_time,sjqyUpdateTime,innerCode,window_overwrite,id
MF_PortfolioDetailsAll,mf_portfoliodetailsall,,26,sjqy_update_time,sjqyUpdateTime,secuCode,window_overwrite,id
MF_PortfolioPerform,mf_portfolioperform,,13,sjqy_update_time,sjqyUpdateTime,innerCode,window_overwrite,id
MF_PortfolioPublished,mf_portfoliopublished,,12,sjqy_update_time,sjqyUpdateTime,innerCode,window_overwrite,id
MF_PriceLimit,mf_pricelimit,,17,sjqy_update_time,sjqyUpdateTime,innerCode,window_overwrite,id
MF_PriceReturn,mf_pricereturn,,27,sjqy_update_time,sjqyUpdateTime,innerCode,window_overwrite,id
MF_PriceReturnHis,mf_pricereturnhis,,27,sjqy_update_time,sjqyUpdateTime,innerCode,window_overwrite,id
MF_PriceReturnHisTrans,mf_pricereturnhistrans,,28,sjqy_update_time,sjqyUpdateTime,innerCode,window_overwrite,id
MF_PriceReturnTrans,mf_pricereturntrans,,28,sjqy_update_time,sjqyUpdateTime,innerCode,window_overwrite,id
MF_PurAndRedStatus,mf_purandredstatus,,16,sjqy_update_time,sjqyUpdateTime,innerCode,window_overwrite,id
MF_PurAndRedStatusA,mf_purandredstatusa,,14,sjqy_update_time,sjqyUpdateTime,,window_overwrite,id
MF_PurchaseAndRedeem,mf_purchaseandredeem,,12,sjqy_update_time,sjqyUpdateTime,innerCode,window_overwrite,id
MF_PurchaseAndRedeemN,mf_purchaseandredeemn,,32,sjqy_update_time,sjqyUpdateTime,innerCode,window_overwrite,id
MF_QDIIAssetAllocation,mf_qdiiassetallocation,,18,sjqy_update_time,sjqyUpdateTime,innerCode,window_overwrite,id
MF_QDIIBondCreditRating,mf_qdiibondcreditrating,,16,sjqy_update_time,sjqyUpdateTime,innerCode,window_overwrite,id
MF_QDIIPortfolioArea,mf_qdiiportfolioarea,,17,sjqy_update_time,sjqyUpdateTime,innerCode,window_overwrite,id
MF_QDIIPortfolioChange,mf_qdiiportfoliochange,,24,sjqy_update_time,sjqyUpdateTime,secuCode,window_overwrite,id
MF_QDIIPortfolioDetail,mf_qdiiportfoliodetail,,37,sjqy_update_time,sjqyUpdateTime,secuCode,window_overwrite,id
MF_QDIIPortfolioIndustry,mf_qdiiportfolioindustry,,19,sjqy_update_time,sjqyUpdateTime,innerCode,window_overwrite,id
MF_QualificationChange,mf_qualificationchange,,13,sjqy_update_time,sjqyUpdateTime,innerCode,window_overwrite,id
MF_REITsAddOffering,mf_reitsaddoffering,,34,sjqy_update_time,sjqyUpdateTime,innerCode,window_overwrite,id
MF_REITsBalanceST,mf_reitsbalancest,,111,sjqy_update_time,sjqyUpdateTime,innerCode,window_overwrite,id
MF_REITsCashFlowST,mf_reitscashflowst,,72,sjqy_update_time,sjqyUpdateTime,innerCode,window_overwrite,id
MF_REITsDeclare,mf_reitsdeclare,,20,sjqy_update_time,sjqyUpdateTime,innerCode,window_overwrite,id
MF_REITsIncomeST,mf_reitsincomest,,82,sjqy_update_time,sjqyUpdateTime,innerCode,window_overwrite,id
MF_REITsProjects,mf_reitsprojects,,15,sjqy_update_time,sjqyUpdateTime,innerCode,window_overwrite,id
MF_REITsProjectsAttach,mf_reitsprojectsattach,,9,sjqy_update_time,sjqyUpdateTime,,window_overwrite,id
MF_REITsQuoteDetails,mf_reitsquotedetails,,20,sjqy_update_time,sjqyUpdateTime,innerCode,window_overwrite,id
MF_REITsRestricted,mf_reitsrestricted,,23,sjqy_update_time,sjqyUpdateTime,innerCode,window_overwrite,id
MF_RatioSubscribe,mf_ratiosubscribe,,15,sjqy_update_time,sjqyUpdateTime,innerCode,window_overwrite,id
MF_RestrictedSecu,mf_restrictedsecu,,34,sjqy_update_time,sjqyUpdateTime,innerCode,window_overwrite,id
MF_RiskAnalysisHS300I,mf_riskanalysishs300i,,14,sjqy_update_time,sjqyUpdateTime,innerCode,window_overwrite,id
MF_RiskSecurityAnalysis,mf_risksecurityanalysis,,25,sjqy_update_time,sjqyUpdateTime,innerCode,window_overwrite,id
MF_SHInfluence,mf_shinfluence,,22,sjqy_update_time,sjqyUpdateTime,innerCode,window_overwrite,id
MF_SecuAdjustedPrice,mf_secuadjustedprice,,16,sjqy_update_time,sjqyUpdateTime,innerCode,window_overwrite,id
MF_Share,mf_share,,17,sjqy_update_time,sjqyUpdateTime,innerCode,window_overwrite,id
MF_SharesChange,mf_shareschange,,25,sjqy_update_time,sjqyUpdateTime,innerCode,window_overwrite,id
MF_SharesSplit,mf_sharessplit,,31,sjqy_update_time,sjqyUpdateTime,innerCode,window_overwrite,id
MF_StockChangeAll,mf_stockchangeall,,20,sjqy_update_time,sjqyUpdateTime,secuCode,window_overwrite,id
MF_StockPortfolioChange,mf_stockportfoliochange,,16,sjqy_update_time,sjqyUpdateTime,innerCode,window_overwrite,id
MF_StockPortfolioDetail,mf_stockportfoliodetail,,17,sjqy_update_time,sjqyUpdateTime,innerCode,window_overwrite,id
MF_TextAnnounce,mf_textannounce,,8,sjqy_update_time,sjqyUpdateTime,,window_overwrite,id
MF_TopTenHolder,mf_toptenholder,,16,sjqy_update_time,sjqyUpdateTime,innerCode,window_overwrite,id
MF_TopTenHolder_SE,mf_toptenholder_se,,5,sjqy_update_time,sjqyUpdateTime,,window_overwrite,id
MF_TradeSeat,mf_tradeseat,,26,sjqy_update_time,sjqyUpdateTime,innerCode,window_overwrite,id
MF_TradingCapitalFlow,mf_tradingcapitalflow,,15,sjqy_update_time,sjqyUpdateTime,innerCode,window_overwrite,id
MF_TradingLimit,mf_tradinglimit,,21,sjqy_update_time,sjqyUpdateTime,innerCode,window_overwrite,id
MF_TradingLimitNew,mf_tradinglimitnew,,21,sjqy_update_time,sjqyUpdateTime,innerCode,window_overwrite,id
MF_Transformation,mf_transformation,,18,sjqy_update_time,sjqyUpdateTime,innerCode,window_overwrite,id
MF_TrusteeOutline,mf_trusteeoutline,,22,sjqy_update_time,sjqyUpdateTime,,window_overwrite,id
MF_TrusteePersonnel,mf_trusteepersonnel,,20,sjqy_update_time,sjqyUpdateTime,,window_overwrite,id
MF_TrusteePersonnel_SE,mf_trusteepersonnel_se,,5,sjqy_update_time,sjqyUpdateTime,,window_overwrite,id
MF_UmbrellaFunds,mf_umbrellafunds,,9,sjqy_update_time,sjqyUpdateTime,innerCode,window_overwrite,id
MF_Violations,mf_violations,,15,sjqy_update_time,sjqyUpdateTime,innerCode,window_overwrite,id
MF_Violations_SE,mf_violations_se,,5,sjqy_update_time,sjqyUpdateTime,,window_overwrite,id
MF_WarrantDetails,mf_warrantdetails,,16,sjqy_update_time,sjqyUpdateTime,innerCode,window_overwrite,id
MT_DailyConvensionRate,mt_dailyconvensionrate,,13,sjqy_update_time,sjqyUpdateTime,innerCode,window_overwrite,id
MT_DailyMargin,mt_dailymargin,,14,sjqy_update_time,sjqyUpdateTime,innerCode,window_overwrite,id
MT_MarginMkt,mt_marginmkt,,37,sjqy_update_time,sjqyUpdateTime,,window_overwrite,id
MT_MarginSecu,mt_marginsecu,,16,sjqy_update_time,sjqyUpdateTime,secuCode,window_overwrite,id
MT_MemTradeMonStat,mt_memtrademonstat,,18,sjqy_update_time,sjqyUpdateTime,,window_overwrite,id
MT_NTargetSecurities,mt_ntargetsecurities,,11,sjqy_update_time,sjqyUpdateTime,innerCode,window_overwrite,id
MT_NewDailyMargin,mt_newdailymargin,,14,sjqy_update_time,sjqyUpdateTime,innerCode,window_overwrite,id
MT_OperationIndicators,mt_operationindicators,,17,sjqy_update_time,sjqyUpdateTime,,window_overwrite,id
MT_TargetSecurities,mt_targetsecurities,,13,sjqy_update_time,sjqyUpdateTime,innerCode,window_overwrite,id
MT_TradingDetail,mt_tradingdetail,,19,sjqy_update_time,sjqyUpdateTime,innerCode,window_overwrite,id
MT_TradingStat,mt_tradingstat,,25,sjqy_update_time,sjqyUpdateTime,,window_overwrite,id
NI_NewsConst,ni_newsconst,,13,sjqy_update_time,sjqyUpdateTime,,window_overwrite,id
OS_FundArchives,os_fundarchives,,49,sjqy_update_time,sjqyUpdateTime,innerCode,window_overwrite,id
OS_FundNetValue,os_fundnetvalue,,14,sjqy_update_time,sjqyUpdateTime,innerCode,window_overwrite,id
OS_FundQuote,os_fundquote,,20,sjqy_update_time,sjqyUpdateTime,innerCode,window_overwrite,id
PIT_BalanceSheet,pit_balancesheet,,217,sjqy_update_time,sjqyUpdateTime,,window_overwrite,id
PIT_CashFlowState,pit_cashflowstate,,171,sjqy_update_time,sjqyUpdateTime,,window_overwrite,id
PIT_CashFlowStateTTM,pit_cashflowstatettm,,121,sjqy_update_time,sjqyUpdateTime,,window_overwrite,id
PIT_IncomeState,pit_incomestate,,114,sjqy_update_time,sjqyUpdateTime,,window_overwrite,id
PIT_IncomeStateTTM,pit_incomestatettm,,110,sjqy_update_time,sjqyUpdateTime,,window_overwrite,id
PIT_QCashFlowState,pit_qcashflowstate,,121,sjqy_update_time,sjqyUpdateTime,,window_overwrite,id
PIT_QIncomeState,pit_qincomestate,,112,sjqy_update_time,sjqyUpdateTime,,window_overwrite,id
QT_CSIIndexQuote,qt_csiindexquote,,24,sjqy_update_time,sjqyUpdateTime,,window_overwrite,id
QT_CommIndexQuote,qt_commindexquote,,19,sjqy_update_time,sjqyUpdateTime,innerCode,window_overwrite,id
QT_ConceptQuote,qt_conceptquote,,17,sjqy_update_time,sjqyUpdateTime,,window_overwrite,id
QT_FundsAdjPerfTrans,qt_fundsadjperftrans,,16,sjqy_update_time,sjqyUpdateTime,innerCode,window_overwrite,id
QT_FundsAdjPerformance,qt_fundsadjperformance,,16,sjqy_update_time,sjqyUpdateTime,innerCode,window_overwrite,id
QT_FundsAdjustFactor,qt_fundsadjustfactor,,13,sjqy_update_time,sjqyUpdateTime,innerCode,window_overwrite,id
QT_FundsPerfTransH,qt_fundsperftransh,,88,sjqy_update_time,sjqyUpdateTime,innerCode,window_overwrite,id
QT_FundsPerformance,qt_fundsperformance,,87,sjqy_update_time,sjqyUpdateTime,innerCode,window_overwrite,id
QT_FundsPerformanceHis,qt_fundsperformancehis,,88,sjqy_update_time,sjqyUpdateTime,innerCode,window_overwrite,id
QT_HKAfRehDQuote,qt_hkafrehdquote,,17,sjqy_update_time,sjqyUpdateTime,innerCode,window_overwrite,id
QT_HKBefRehDQuote,qt_hkbefrehdquote,,17,sjqy_update_time,sjqyUpdateTime,innerCode,window_overwrite,id
QT_HKDQuoteTecIndex,qt_hkdquotetecindex,,55,sjqy_update_time,sjqyUpdateTime,innerCode,window_overwrite,id
QT_HKDailyQuote,qt_hkdailyquote,,35,sjqy_update_time,sjqyUpdateTime,innerCode,window_overwrite,id
QT_HKDailyQuoteIndex,qt_hkdailyquoteindex,,31,sjqy_update_time,sjqyUpdateTime,innerCode,window_overwrite,id
QT_HKDailyQuoteTra,qt_hkdailyquotetra,,32,sjqy_update_time,sjqyUpdateTime,innerCode,window_overwrite,id
QT_HKFundQuote,qt_hkfundquote,,22,sjqy_update_time,sjqyUpdateTime,innerCode,window_overwrite,id
QT_HKMulCycleQuote,qt_hkmulcyclequote,,21,sjqy_update_time,sjqyUpdateTime,innerCode,window_overwrite,id
QT_HKMulDQTecIndex,qt_hkmuldqtecindex,,51,sjqy_update_time,sjqyUpdateTime,innerCode,window_overwrite,id
QT_HKWarrant,qt_hkwarrant,,35,sjqy_update_time,sjqyUpdateTime,innerCode,window_overwrite,id
QT_IndexPerformance,qt_indexperformance,,125,sjqy_update_time,sjqyUpdateTime,,window_overwrite,id
QT_IndexQuote,qt_indexquote,,17,sjqy_update_time,sjqyUpdateTime,innerCode,window_overwrite,id
QT_InterestRateIndex,qt_interestrateindex,,15,sjqy_update_time,sjqyUpdateTime,,window_overwrite,id
QT_OSIndexQuote,qt_osindexquote,,20,sjqy_update_time,sjqyUpdateTime,,window_overwrite,id
QT_SHSZHSCTradingDay,qt_shszhsctradingday,,20,sjqy_update_time,sjqyUpdateTime,,window_overwrite,id
QT_TradingDayNew,qt_tradingdaynew,,12,sjqy_update_time,sjqyUpdateTime,,window_overwrite,id
SIF_FinancefutureQuote,sif_financefuturequote,,42,sjqy_update_time,sjqyUpdateTime,innerCode,window_overwrite,id
SJQY_PriceLimitCalc,sjqy_pricelimitcalc,,15,sjqy_update_time,sjqyUpdateTime,innerCode,window_overwrite,id
SecuMain,secumain,,22,sjqy_update_time,sjqyUpdateTime,secuCode,window_overwrite,id
SecuMainAll,secumainall,,33,sjqy_update_time,sjqyUpdateTime,secuCode,window_overwrite,id
US_ADRRatioChange,us_adrratiochange,,13,sjqy_update_time,sjqyUpdateTime,innerCode,window_overwrite,id
US_AdjustingFactor,us_adjustingfactor,,13,sjqy_update_time,sjqyUpdateTime,innerCode,window_overwrite,id
US_CodeRelationship,us_coderelationship,,21,sjqy_update_time,sjqyUpdateTime,secuCode,window_overwrite,id
US_CompanyChanges,us_companychanges,,20,sjqy_update_time,sjqyUpdateTime,,window_overwrite,id
US_CompanyInfo,us_companyinfo,,29,sjqy_update_time,sjqyUpdateTime,,window_overwrite,id
US_CompanyInfo_FT,us_companyinfo_ft,,21,sjqy_update_time,sjqyUpdateTime,,window_overwrite,id
US_ConceptComponent,us_conceptcomponent,,10,sjqy_update_time,sjqyUpdateTime,innerCode,window_overwrite,id
US_DailyQuote,us_dailyquote,,20,sjqy_update_time,sjqyUpdateTime,innerCode,window_overwrite,id
US_ExgIndustry,us_exgindustry,,17,sjqy_update_time,sjqyUpdateTime,,window_overwrite,id
US_SPACList,us_spaclist,,11,sjqy_update_time,sjqyUpdateTime,secuCode,window_overwrite,id
US_SecuChanges,us_secuchanges,,20,sjqy_update_time,sjqyUpdateTime,innerCode,window_overwrite,id
US_SecuMain,us_secumain,,20,sjqy_update_time,sjqyUpdateTime,secuCode,window_overwrite,id
US_SecuMarking,us_secumarking,,13,sjqy_update_time,sjqyUpdateTime,innerCode,window_overwrite,id
US_StockAdjPerformance,us_stockadjperformance,,18,sjqy_update_time,sjqyUpdateTime,innerCode,window_overwrite,id
US_StockPerformance,us_stockperformance,,31,sjqy_update_time,sjqyUpdateTime,innerCode,window_overwrite,id
